Area,Description,Emirate,Zone
ABU ABYAD ISLAND,ABU ABYAD ISLAND,ABU DHABI,ZONE K
ABU DHABI BEACH,ABU DHABI BEACH,ABU DHABI,ZONE K
ABU DHABI CITY ZONE 1,ABU DHABI CITY ZONE 1,ABU DHABI,ZONE K
ABU DHABI CITY ZONE 1A,ABU DHABI CITY ZONE 1A,ABU DHABI,ZONE K
ABU DHABI CITY ZONE 2,ABU DHABI CITY ZONE 2,ABU DHABI,ZONE K
ABU DHABI CITY ZONE 2A,ABU DHABI CITY ZONE 2A,ABU DHABI,ZONE K
ABU DHABI CITY ZONE 2B,ABU DHABI CITY ZONE 2B,ABU DHABI,ZONE K
ABU DHABI CITY ZONE 3,ABU DHABI CITY ZONE 3,ABU DHABI,ZONE K
ABU DHABI CITY ZONE 3A,ABU DHABI CITY ZONE 3A,ABU DHABI,ZONE K
ABU DHABI CITY ZONE 4,ABU DHABI CITY ZONE 4,ABU DHABI,ZONE K
ABU DHABI CITY ZONE 5,ABU DHABI CITY ZONE 5,ABU DHABI,ZONE K
ABU DHABI CITY ZONE 6,ABU DHABI CITY ZONE 6,ABU DHABI,ZONE K
ABU DHABI COUNTRY CLUB,ABU DHABI COUNTRY CLUB,ABU DHABI,ZONE K
ABU DHABI GATE CITY,ABU DHABI GATE CITY,ABU DHABI,ZONE K
ABU DHABI GOLF CLUB OUTER,ABU DHABI GOLF CLUB OUTER,ABU DHABI,ZONE K
ABU DHABI INTERNATIONAL AIRPORT,ABU DHABI INTERNATIONAL AIRPORT,ABU DHABI,ZONE K
ABU DHABI INTL AIRPORT,,ABU DHABI,ZONE K
ABU DHABI MUNICIPALITY GARAGE,ABU DHABI MUNICIPALITY GARAGE,ABU DHABI,ZONE K
"ABU DHABI NORTHEAST, TWAZUN,WARSAN FARMS","ABU DHABI NORTHEAST, TWAZUN,WARSAN FARMS",ABU DHABI,ZONE K
ABU DHBAI OUTER-AL AJBAN,ABU DHBAI OUTER-AL AJBAN,ABU DHABI,ZONE K
ABU HAIL,ABU HAIL,DUBAI,ZONE E
ABU HURAYBAH,ABU HURAYBAH,AL AIN,ZONE J
ABU KARAYAH,ABU KARAYAH,AL AIN,ZONE J
ABU KRAYYAH,ABU KRAYYAH,AL AIN,ZONE J
ABU SAMRA,ABU SAMRA,AL AIN,ZONE J
ABU SHAGARA,ABU SHAGARA,SHARJAH,ZONE H
ACADEMIC CITY,ACADEMIC CITY,DUBAI,ZONE F
ADH-AIRPORT ROAD,ADH-AIRPORT ROAD,ABUDHABI,ZONE K
"ADHAN, IDHN","ADHAN, IDHN",FUJAIRAH,ZONE I
ADH-KARAMA,ADH-KARAMA,ABUDHABI,ZONE K
ADH-KHALIDIYA,ADH-KHALIDIYA,ABUDHABI,ZONE K
ADNOC,ADNOC,ABU DHABI,ZONE K
AFLAJ,AFLAJ,AL AIN,ZONE J
AGRICULTURAL FALAH,AGRICULTURAL FALAH,SHARJAH,ZONE H
AIN AL FADYA,AIN AL FADYA,AL AIN,ZONE J
AIN AL FAIDA - AL AIN,AIN AL FAIDA - AL AIN,AL AIN,ZONE J
AIRPORT ROAD,AIRPORT ROAD,SHARJAH,ZONE H
AJBAN FARMS - ABU DHABI,AJBAN FARMS - ABU DHABI,ABU DHABI,ZONE K
AJMAN FREE ZONE,AJMAN FREE ZONE,AJMAN,ZONE I
AJMAN FREEZONE GATE 4,AJMAN FREEZONE GATE 4,AJMAN,ZONE I
AJMAN INDUSTRIAL AREA 1,AJMAN INDUSTRIAL AREA 1,AJMAN,ZONE I
AJMAN INDUSTRIAL AREA 2,AJMAN INDUSTRIAL AREA 2,AJMAN,ZONE I
AKOYA OXYGEN,AKOYA OXYGEN,Dubai,ZONE A
AL AAHAD,AL AAHAD,UMM AL QUWAIN,ZONE I
AL ABAR,AL ABAR,SHARJAH,ZONE H
AL ABRAB,AL ABRAB,UMM AL QUWAIN,ZONE I
AL ADLA,AL ADLA,ABU DHABI,ZONE K
AL AGABIYA AAN,AL AGABIYA AAN,ALAIN,ZONE J
AL AGABIYYA AUH,AL AGABIYYA AUH,ABUDHABI,ZONE K
AL AIN HOSPITAL,AL AIN HOSPITAL,AL AIN,ZONE J
AL AIN INDUSTRIAL AREA - FALAJ HAZZAA MNAIZLAH,AL AIN INDUSTRIAL AREA - FALAJ HAZZAA MNAIZLAH,AL AIN,ZONE J
"AL AIN INDUSTRIAL AREA - SANAIYA, SANIYA","AL AIN INDUSTRIAL AREA - SANAIYA, SANIYA",AL AIN,ZONE J
AL AIN INTERNATIONAL AIRPORT,AL AIN INTERNATIONAL AIRPORT,AL AIN,ZONE J
AL AIN OUTER CITY,AL AIN OUTER CITY,AL AIN,ZONE J
AL AIN OUTER CITY 2,AL AIN OUTER CITY 2,AL AIN,ZONE J
AL AIN OUTER CITY 3,AL AIN OUTER CITY 3,AL AIN,ZONE J
AL AIN ROAD,AL AIN ROAD,DUBAI,ZONE F
AL AJBAN,AL AJBAN,AL AIN,ZONE J
AL ALYA,AL ALYA,AJMAN,ZONE I
AL AMERA,AL AMERA,AJMAN,ZONE I
AL AMRIYA,AL AMRIYA,AL AIN,ZONE J
"AL ANDULUS COMPOUND, AL AIN MALL","AL ANDULUS COMPOUND, AL AIN MALL",AL AIN,ZONE J
AL AQABIYA,AL AQABIYA,AL AIN,ZONE J
"AL AQAH, ADQAT","AL AQAH, ADQAT",FUJAIRAH,ZONE I
AL ARAAD,AL ARAAD,AL AIN,ZONE J
AL ARABI ROAD,AL ARABI ROAD,ABUDHABI,ZONE K
AL ARABI SPORTS AND CULTURAL CLUB,AL ARABI SPORTS AND CULTURAL CLUB,UMM AL QUWAIN,ZONE I
AL ASHRAJ,AL ASHRAJ,AL AIN,ZONE J
AL AWIR,AL AWIR,DUBAI,ZONE F
AL AZRA,AL AZRA,SHARJAH,ZONE H
AL AZRA SCHOOL AREA,AL AZRA SCHOOL AREA,SHARJAH,ZONE H
AL AZRA SHJ,AL AZRA SHJ,SHARJAH,ZONE H
AL BADA,AL BADA,DUBAI,ZONE G
AL BADAA,AL BADAA,DUBAI,ZONE D
AL BADIA,AL BADIA,DUBAI,ZONE G
AL BADIYA,AL BADIYA,FUJAIRAH,ZONE I
AL BAHIA,AL BAHIA,ABU DHABI,ZONE K
AL BAHYA,AL BAHYA,ABUDHABI,ZONE K
AL BANDAR,AL BANDAR,ABUDHABI,ZONE K
AL BARAHA,AL BARAHA,DUBAI,ZONE E
AL BARARI,AL BARARI,DUBAI,ZONE F
AL BARSHA,AL BARSHA,DUBAI,ZONE B
AL BARSHA 1,AL BARSHA 1,DUBAI,ZONE B
AL BARSHA 2,AL BARSHA 2,DUBAI,ZONE B
AL BARSHA 3,AL BARSHA 3,DUBAI,ZONE B
AL BARSHA HEIGHTS,AL BARSHA HEIGHTS,DUBAI,ZONE B
AL BARSHA SOUTH,AL BARSHA SOUTH,DUBAI,ZONE B
"AL BARSHA SOUTH 2 & 3, DUBAI LAND","AL BARSHA SOUTH 2 & 3, DUBAI LAND",DUBAI,ZONE B
"AL BARSHA SOUTH 4, JUMEIRAH VILLAGE CIRCLE","AL BARSHA SOUTH 4, JUMEIRAH VILLAGE CIRCLE",DUBAI,ZONE B
AL BARSHA SOUTH 5,AL BARSHA SOUTH 5,DUBAI,ZONE B
AL BARSHA SOUTH1,AL BARSHA SOUTH1,DUBAI,ZONE B
AL BATAEH,AL BATAEH,SHARJAH,ZONE H
AL BATEEN - 1,AL BATEEN - 1,ABU DHABI,ZONE K
AL BATEEN - 2,AL BATEEN - 2,ABU DHABI,ZONE K
AL BATEEN - ABU DHABI,AL BATEEN - ABU DHABI,ABU DHABI,ZONE K
AL BATEEN - AL AIN,AL BATEEN - AL AIN,AL AIN,ZONE J
AL BATEEN AREA,AL BATEEN AREA,ABUDHABI,ZONE K
AL BATEEN BEACH,AL BATEEN BEACH,ABU DHABI,ZONE K
AL BATEEN PALACE,AL BATEEN PALACE,ABU DHABI,ZONE K
AL BDAIA,AL BDAIA,SHARJAH,ZONE H
AL BITHNAH,AL BITHNAH,FUJAIRAH,ZONE I
AL BITHNAH OUTER,AL BITHNAH OUTER,FUJAIRAH,ZONE I
AL BU DANIQ,AL BU DANIQ,SHARJAH,ZONE H
AL BUHAIRAH,AL BUHAIRAH,SHARJAH,ZONE H
AL BUSTAN-AJMAN,AL BUSTAN-AJMAN,AJMAN,ZONE I
AL CORNICHE,AL CORNICHE,DUBAI,ZONE E
AL DAGHAYA,AL DAGHAYA,DUBAI,ZONE E
AL DAHARA,AL DAHARA,AL AIN,ZONE J
AL DAHER UMM,AL DAHER UMM GHAFA,AL AIN,ZONE J
AL DAHRA,AL DAHRA,AL AIN,ZONE J
AL DANA,AL DANA,ABU DHABI,ZONE K
AL DAR AL BAIDA - A,AL DAR AL BAIDA - A,UMM AL QUWAIN,ZONE I
AL DAR AL BAIDA - B,AL DAR AL BAIDA - B,UMM AL QUWAIN,ZONE I
AL DARARI,AL DARARI,SHARJAH,ZONE H
AL DARBI JANIYAH,AL DARBI JANIYAH,RAS AL KHAIMAH,ZONE I
AL DHAFRA AI,AL DHAFRA AIR BASE,ABUDHABI,ZONE K
AL DHAFRA AIR BASE,AL DHAFRA AIR BASE,ABU DHABI,ZONE K
AL DHAHIR,AL DHAHIR,AL AIN,ZONE J
AL DHAID,AL DHAID,SHARJAH,ZONE H
AL DHAID HOSPITAL,AL DHAID HOSPITAL,SHARJAH,ZONE H
"AL DHAID, MASAFA, AL MANAMA","AL DHAID, MASAFA, AL MANAMA",FUJAIRAH,ZONE I
AL DHAIT NORTH - RAK,AL DHAIT NORTH - RAK,RAS AL KHAIMAH,ZONE I
AL DHAIT SOUTH - RAK,AL DHAIT SOUTH - RAK,RAS AL KHAIMAH,ZONE I
AL DHAIT SOUTH 2,AL DHAIT SOUTH 2,RAS AL KHAIMAH,ZONE I
AL DHARMAA,AL DHARMAA,AL AIN,ZONE J
AL FAHLAIN,AL FAHLAIN,RAS AL KHAIMAH,ZONE I
AL FALAH CITY,AL FALAH CITY,ABU DHABI,ZONE K
AL FALAH NEW,AL FALAH CITY NEW,ABUDHABI,ZONE K
AL FALAH OLD,AL FALAH CITY OLD,ABUDHABI,ZONE K
AL FALAH OLD1,AL FALAH OLD1,ABU DHABI,ZONE K
AL FALAH ST. AUH,AL FALAH ST. AUH,ABUDHABI,ZONE K
AL FALAH SUBURB,AL FALAH SUBURB,SHARJAH,ZONE H
AL FALAH-ABUDHABI,AL FALAH-ABUDHABI,ABU DHABI,ZONE K
AL FALAJ AAN,AL FALAJ AAN,ALAIN,ZONE J
AL FALAJ SHJ,AL FALAJ SHJ,SHARJAH,ZONE H
AL FAQA,AL FAQA,AL AIN,ZONE J
AL FASEEL,AL FASEEL,FUJAIRAH,ZONE I
AL FAYAH,AL FAYAH,SHARJAH,ZONE H
AL FAYHA,AL FAYHA,SHARJAH,ZONE H
AL FISHT,AL FISHT,SHARJAH,ZONE H
AL FOA,AL FOA,AL AIN,ZONE J
AL FOAA,AL FOAA,AL AIN,ZONE J
AL FORSAN VILLAGE,AL FORSAN VILLAGE,ABU DHABI,ZONE K
AL FURJAN,AL FURJAN,DUBAI,ZONE B
"AL FURJAN, JABAL ALI VILLAGE, GARDENS","AL FURJAN, JABAL ALI VILLAGE, GARDENS",DUBAI,ZONE B
AL GARHOUD,AL GARHOUD,DUBAI,ZONE E
AL GERINA SHJ,AL GERINA SHJ,SHARJAH,ZONE H
AL GHADEER,AL GHADEER,DUBAI,ZONE A
AL GHAFIA SHJ,AL GHAFIA SHJ,SHARJAH,ZONE H
AL GHAIL YOUTH CENTER,AL GHAIL YOUTH CENTER,RAS AL KHAIMAH,ZONE I
AL GHAPHIA,AL GHAPHIA,SHARJAH,ZONE H
AL GHARAYEN 1,AL GHARAYEN 1,SHARJAH,ZONE H
AL GHARAYEN 2,AL GHARAYEN 2,SHARJAH,ZONE H
AL GHARAYEN 3,AL GHARAYEN 3,SHARJAH,ZONE H
AL GHARAYEN 5,AL GHARAYEN 5,SHARJAH,ZONE H
AL GHARAYEN SHJ,AL GHARAYEN SHJ,SHARJAH,ZONE H
AL GHARB,AL GHARB,SHARJAH,ZONE H
AL GHAZAL GOLF CLUB,AL GHAZAL GOLF CLUB,ABU DHABI,ZONE K
AL GHDEER VI,AL GHDEER VILLAGE (NEAR JABAL ALI),ABUDHABI,ZONE C
AL GHUBAIBA - SHARJAH,AL GHUBAIBA - SHARJAH,SHARJAH,ZONE H
AL GHUBB,AL GHUBB,RAS AL KHAIMAH,ZONE I
AL GHUWAIR,AL GHUWAIR,SHARJAH,ZONE H
AL GOAZ,AL GOAZ,SHARJAH,ZONE H
AL GOAZ SHJ,AL GOAZ SHJ,SHARJAH,ZONE H
AL GURFA,AL GURFA,FUJAIRAH,ZONE I
AL GURM RESORT,AL GURM RESORT,ABU DHABI,ZONE K
AL HADITHA,AL HADITHA,UMM AL QUWAIN,ZONE I
AL HAFFAR,AL HAFFAR,ABU DHABI,ZONE K
"AL HALAH , ABADILAH, DAHIR","AL HALAH , ABADILAH, DAHIR",FUJAIRAH,ZONE I
AL HAMRA,AL HAMRA,RAS AL KHAIMAH,ZONE I
AL HAMRA VILLAGE,AL HAMRA VILLAGE,RAS AL KHAIMAH,ZONE I
AL HAMRAIYAN,AL HAMRAIYAN,RAS AL KHAIMAH,ZONE I
AL HAMRIYA FREE ZONE,AL HAMRIYA FREE ZONE,SHARJAH,ZONE H
AL HAMRIYA FREE ZONE 2,AL HAMRIYA FREE ZONE 2,SHARJAH,ZONE H
AL HAMRIYA PORT,AL HAMRIYA PORT,DUBAI,ZONE G
AL HAMRIYAH,AL HAMRIYAH,SHARJAH,ZONE H
AL HAWIYAH,AL HAWIYAH,UMM AL QUWAIN,ZONE I
AL HAYER,AL HAYER,AL AIN,ZONE J
AL HAYL - FUJAIRAH,AL HAYL - FUJAIRAH,FUJAIRAH,ZONE I
AL HAYYALI AHU,AL HAYYALI AHU,ABUDHABI,ZONE K
AL HAZANA,AL HAZANA,SHARJAH,ZONE H
"AL HEBIAH 1, MOTOR CITY","AL HEBIAH 1, MOTOR CITY",DUBAI,ZONE A
"AL HEBIAH 2, DUBAI STUDIO CITY","AL HEBIAH 2, DUBAI STUDIO CITY",DUBAI,ZONE A
AL HEBIAH 3,AL HEBIAH 3,DUBAI,ZONE A
"AL HEBIAH 4, DUBAI SPORTS CITY","AL HEBIAH 4, DUBAI SPORTS CITY",DUBAI,ZONE A
"AL HEBIAH 5, GOLF CITY","AL HEBIAH 5, GOLF CITY",DUBAI,ZONE A
AL HELIO 1,AL HELIO 1,AJMAN,ZONE I
AL HELIO 2,AL HELIO 2,AJMAN,ZONE I
AL HILI,AL HILI,AL AIN,ZONE J
AL HOSH*,AL HOSHI,SHARJAH,ZONE H
AL HOSHI,AL HOSHI,SHARJAH,ZONE H
AL HOUMAH,AL HOUMAH,SHARJAH,ZONE H
AL HOUMAH SHJ,AL HOUMAH SHJ,SHARJAH,ZONE H
AL HUDAIBA DXB,AL HUDAIBA DXB,DUBAI,ZONE E
AL HUDAIBAH,AL HUDAIBAH,RAS AL KHAIMAH,ZONE I
AL HUDAIRIYAT ISLAND,AL HUDAIRIYAT ISLAND,ABU DHABI,ZONE K
AL HUMAIDEYA 1,AL HUMAIDEYA 1,AJMAN,ZONE I
AL HUMAIDEYA 2,AL HUMAIDEYA 2,AJMAN,ZONE I
AL HUMRAH - A,AL HUMRAH - A,UMM AL QUWAIN,ZONE I
AL HUMRAH - B,AL HUMRAH - B,UMM AL QUWAIN,ZONE I
AL HUMRAH - C,AL HUMRAH - C,UMM AL QUWAIN,ZONE I
AL HUMRAH - D,AL HUMRAH - D,UMM AL QUWAIN,ZONE I
AL ITTIHAD,AL ITTIHAD,FUJAIRAH,ZONE I
AL JADAF,AL JADAF,DUBAI,ZONE D
AL JAFILIYA,AL JAFILIYA,DUBAI,ZONE E
AL JAHILI,AL JAHILI,AL AIN,ZONE J
AL JAZZAT,AL JAZZAT,SHARJAH,ZONE H
AL JAZZAT STREET SHJ,AL JAZZAT STREET SHJ,SHARJAH,ZONE H
AL JEER,AL JEER,RAS AL KHAIMAH,ZONE I
AL JIMI,AL JIMI,AL AIN,ZONE J
AL JUBAIL,AL JUBAIL,SHARJAH,ZONE H
AL JUBAIL ISLAND,AL JUBAIL ISLAND,ABU DHABI,ZONE K
AL JURAINA,AL JURAINA,SHARJAH,ZONE H
"AL JURAINA 1,2","AL JURAINA 1,2",SHARJAH,ZONE H
"AL JURAINA 1,2,3,4 SHJ","AL JURAINA 1,2,3,4 SHJ",SHARJAH,ZONE H
"AL JURAINA 3,4","AL JURAINA 3,4",SHARJAH,ZONE H
AL JURAINAH 2,AL JURAINAH 2,SHARJAH,ZONE H
AL JURAINAH 4,AL JURAINAH 4,SHARJAH,ZONE H
AL JURF,AL JURF,AJMAN,ZONE I
AL JURF 1,AL JURF 1,AJMAN,ZONE I
AL JURF 2,AL JURF 2,AJMAN,ZONE I
AL JURF INDUSTRIAL AREA 1,AL JURF INDUSTRIAL AREA 1,AJMAN,ZONE I
AL JURF INDUSTRIAL AREA 2,AL JURF INDUSTRIAL AREA 2,AJMAN,ZONE I
AL JURF INDUSTRIAL AREA 3,AL JURF INDUSTRIAL AREA 3,AJMAN,ZONE I
AL JUWAIS,AL JUWAIS,RAS AL KHAIMAH,ZONE I
AL KARAMA,AL KARAMA,DUBAI,ZONE E
AL KARAMA ABUDHABI,AL KARAMA ABUDHABI,ABUDHABI,ZONE K
AL KARAMAH,AL KARAMAH,ABU DHABI,ZONE K
AL KAZNA,AL KAZNA,ABUDHABI,ZONE K
AL KHABISI,AL KHABISI,AL AIN,ZONE J
AL KHAIBAISI,AL KHAIBAISI,DUBAI,ZONE E
AL KHAKLEEJ,AL KHAKLEEJ,ABUDHABI,ZONE K
AL KHALEDIA,AL KHALEDIA,SHARJAH,ZONE H
AL KHALIDIYA,AL KHALIDIYA,SHARJAH,ZONE H
AL KHAN,AL KHAN,SHARJAH,ZONE H
AL KHARI,AL KHARI,RAS AL KHAIMAH,ZONE I
AL KHARIR,AL KHARIR,AL AIN,ZONE J
AL KHARRAN,AL KHARRAN,RAS AL KHAIMAH,ZONE I
AL KHAWANEEJ 1,AL KHAWANEEJ 1,DUBAI,ZONE G
AL KHAWANEEJ 2,AL KHAWANEEJ 2,DUBAI,ZONE G
AL KHAZNA,AL KHAZNA,AL AIN,ZONE J
AL KHEERAN,AL KHEERAN,DUBAI,ZONE G
AL KHEERAN 1,AL KHEERAN 1,DUBAI,ZONE G
AL KHEERAN 2,AL KHEERAN 2,DUBAI,ZONE G
AL KHEZAMIA,AL KHEZAMIA,SHARJAH,ZONE H
AL KHOR - UMM AL QUWAIN,AL KHOR - UMM AL QUWAIN,UMM AL QUWAIN,ZONE I
AL KHRAIR,AL KHRAIR,AL AIN,ZONE J
AL KHUBEIRAH,AL KHUBEIRAH,ABU DHABI,ZONE K
AL KIFAF,AL KIFAF,DUBAI,ZONE E
AL LAYYAH,AL LAYYAH,SHARJAH,ZONE H
AL LIMGHADAR,AL LIMGHADAR,UMM AL QUWAIN,ZONE I
AL LISAILI,AL LISAILI,DUBAI,ZONE F
AL LISSAILY,AL LISSAILY,ABU DHABI,ZONE K
AL MADAM AREA SHJ,AL MADAM AREA SHJ,SHARJAH,ZONE H
AL MADINA AL RIYADIYA,AL MADINA AL RIYADIYA,ABU DHABI,ZONE K
AL MAFRAQ,AL MAFRAQ,ABU DHABI,ZONE K
AL MAHATTA,AL MAHATTA,FUJAIRAH,ZONE I
AL MAIDAN,AL MAIDAN,UMM AL QUWAIN,ZONE I
AL MAILAIHA,AL MAILAIHA,SHARJAH,ZONE H
AL MAIRID,AL MAIRID,RAS AL KHAIMAH,ZONE I
AL MAJARRAH,AL MAJARRAH,SHARJAH,ZONE H
AL MAJAZ,AL MAJAZ,SHARJAH,ZONE H
AL MAJAZ 1,AL MAJAZ 1,SHARJAH,ZONE H
"AL MAJAZ 2, BUHAIRA","AL MAJAZ 2, BUHAIRA",SHARJAH,ZONE H
AL MAJAZ 3,AL MAJAZ 3,SHARJAH,ZONE H
AL MAJAZ BANK,AL MAJAZ BANK,SHARJAH,ZONE H
AL MAMZAR,AL MAMZAR,SHARJAH,ZONE H
AL MAMZAR - 1,AL MAMZAR - 1,DUBAI,ZONE G
AL MANAK,AL MANAK,SHARJAH,ZONE H
AL MANAKH,AL MANAKH,SHARJAH,ZONE H
AL MANAMA,AL MANAMA,AJMAN,ZONE I
AL MANARA,AL MANARA,DUBAI,ZONE D
AL MANARA ST,AL MANARA STREET,DUBAI,ZONE D
AL MANASIR,AL MANASIR,ABUDHABI,ZONE K
AL MANAZEL,AL MANAZEL,SHARJAH,ZONE H
AL MANHAL,AL MANHAL,ABU DHABI,ZONE K
AL MANKHOOL,AL MANKHOOL,DUBAI,ZONE E
AL MANMOURAH,AL MANMOURAH,RAS AL KHAIMAH,ZONE I
AL MANSURA,AL MANSURA,SHARJAH,ZONE H
AL MAQAM,AL MAQAM,AL AIN,ZONE J
AL MAQAT HERITAGE MARKET,AL MAQAT HERITAGE MARKET,ABU DHABI,ZONE K
AL MAQTA,AL MAQTA,ABU DHABI,ZONE K
AL MAQTAA AHU,AL MAQTAA AHU,ABUDHABI,ZONE K
AL MAREIJA,AL MAREIJA,SHARJAH,ZONE H
AL MARKHANIYA,AL MARKHANIYA,AL AIN,ZONE J
AL MARYAH ISLAND,AL MARYAH ISLAND,ABU DHABI,ZONE K
AL MASOUDI,AL MASOUDI,AL AIN,ZONE J
AL MATAF,AL MATAF,RAS AL KHAIMAH,ZONE I
AL MATAR-ABUDHABI,AL MATAR-ABUDHABI,ABU DHABI,ZONE K
AL MENA - 2,AL MENA - 2,ABU DHABI,ZONE K
AL ME'RAD,AL ME'RAD,ABU DHABI,ZONE K
AL MERKADH,AL MERKADH,DUBAI,ZONE F
AL MINA,AL MINA,ABU DHABI,ZONE K
AL MINA STREET,AL MINA STREET,DUBAI,ZONE E
AL MIRGAB,AL MIRGAB,SHARJAH,ZONE H
AL MIZHAR 1,AL MIZHAR 1,DUBAI,ZONE G
AL MIZHAR 2,AL MIZHAR 2,DUBAI,ZONE G
AL MIZHER,AL MIZHER,DUBAI,ZONE G
AL MNAIZFAH,AL MNAIZFAH,AL AIN,ZONE J
AL MUDIFI,AL MUDIFI,FUJAIRAH,ZONE I
AL MUNTAZA COMPLEX,AL MUNTAZA COMPLEX,DUBAI,ZONE C
AL MUNTAZAH AHU,AL MUNTAZAH AHU,ABUDHABI,ZONE K
AL MUNTAZI 1,AL MUNTAZI 1,AJMAN,ZONE I
AL MUNTAZI 2,AL MUNTAZI 2,AJMAN,ZONE I
AL MURAR,AL MURAR,DUBAI,ZONE E
AL MUSALLA,AL MUSALLA,SHARJAH,ZONE H
AL MUSALLHA,AL MUSALLHA,SHARJAH,ZONE H
AL MUSHRIF,AL MUSHRIF,ABU DHABI,ZONE K
AL MUSHRIF - 1,AL MUSHRIF - 1,ABU DHABI,ZONE K
AL MUSHRIF MALL,AL MUSHRIF MALL,ABU DHABI,ZONE K
AL MUTAREDH,AL MUTAREDH,AL AIN,ZONE J
AL MUTAREDH OASIS,AL MUTAREDH OASIS,AL AIN,ZONE J
AL MUTAWAA,AL MUTAWAA,AL AIN,ZONE J
AL MUTEENA,AL MUTEENA,DUBAI,ZONE E
AL MUTEENA DEIRA,AL MUTEENA DEIRA,DUBAI,ZONE E
AL MUWAIHAT 1,AL MUWAIHAT 1,AJMAN,ZONE I
AL MUWAIHAT 2,AL MUWAIHAT 2,AJMAN,ZONE I
AL MUWAIHAT 3,AL MUWAIHAT 3,AJMAN,ZONE I
AL MUWAIJI,AL MUWAIJI,AL AIN,ZONE J
AL MUWAIJI - AL RUWAIKAH,AL MUWAIJI - AL RUWAIKAH,AL AIN,ZONE J
AL MUWAIJI - MAJLOOD,AL MUWAIJI - MAJLOOD,AL AIN,ZONE J
AL MUZOON,AL MUZOON,ABU DHABI,ZONE K
AL NABA'A,AL NABA'A,SHARJAH,ZONE H
AL NABBA,AL NABBA,SHARJAH,ZONE H
AL NAHDA,AL NAHDA,DUBAI,ZONE G
"AL NAHDA - SHARJAH, SAHARA CENTRE","AL NAHDA - SHARJAH, SAHARA CENTRE",SHARJAH,ZONE H
AL NAHDA 1 - DUBAI,AL NAHDA 1 - DUBAI,DUBAI,ZONE G
AL NAHDA 2 - DUBAI,AL NAHDA 2 - DUBAI,DUBAI,ZONE G
AL NAHDA EAST,AL NAHDA EAST,ABU DHABI,ZONE K
AL NAHDA SHARJAH,AL NAHDA SHARJAH,SHARJAH,ZONE H
AL NAHDA WEST,AL NAHDA WEST,ABU DHABI,ZONE K
AL NAHIYAN C,AL NAHIYAN CAMP AREA,ABUDHABI,ZONE K
AL NAHYAN,AL NAHYAN,ABU DHABI,ZONE K
AL NAHYAN 2,AL NAHYAN 2,ABU DHABI,ZONE K
AL NAJDA STREET AUH,AL NAJDA STREET AUH,ABUDHABI,ZONE K
AL NAKHEEL - AJMAN,AL NAKHEEL - AJMAN,AJMAN,ZONE I
AL NAKHEEL - RAK,AL NAKHEEL - RAK,RAS AL KHAIMAH,ZONE I
AL NAKHIL 2,AL NAKHIL 2,AJMAN,ZONE I
AL NASSERIYA,AL NASSERIYA,SHARJAH,ZONE H
AL NASSERYA,AL NASSERYA,SHARJAH,ZONE H
AL NAYAN CAMP,AL NAYAN CAMP,ABUDHABI,ZONE K
AL NEKHAILAT,AL NEKHAILAT,SHARJAH,ZONE H
AL NOOF 1,AL NOOF 1,SHARJAH,ZONE H
"AL NOOF 1,2,3,4 SHJ","AL NOOF 1,2,3,4 SHJ",SHARJAH,ZONE H
AL NOOF 2,AL NOOF 2,SHARJAH,ZONE H
AL NOOF 3,AL NOOF 3,SHARJAH,ZONE H
AL NOOF 4,AL NOOF 4,SHARJAH,ZONE H
AL NOUF,AL NOUF,SHARJAH,ZONE H
AL NUAIEMIYA,AL NUAIEMIYA,AJMAN,ZONE I
AL NUAIMIA AJM,AL NUAIMIA AJM,AJMAN,ZONE I
AL NUD,AL NUD,SHARJAH,ZONE H
"AL NUDOOD, WADI AMMAR","AL NUDOOD, WADI AMMAR",RAS AL KHAIMAH,ZONE I
AL NUMAIMIA - 2,AL NUMAIMIA - 2,AJMAN,ZONE I
AL OWAID,AL OWAID,FUJAIRAH,ZONE I
AL QADISIA,AL QADISIA,SHARJAH,ZONE H
AL QADISIYAH,AL QADISIYAH,SHARJAH,ZONE H
AL QADSSIA,AL QADSSIA,FUJAIRAH,ZONE I
AL QALAA,AL QALAA,FUJAIRAH,ZONE I
AL QASBA,AL QASBA,SHARJAH,ZONE H
AL QASBA TOWER,AL QASBA TOWER,SHARJAH,ZONE H
AL QASIMIA,AL QASIMIA,SHARJAH,ZONE H
AL QASIMIYYA,AL QASIMIYYA,SHARJAH,ZONE H
AL QATTARA,AL QATTARA,AL AIN,ZONE J
AL QISAIS,AL QISAIS,AL AIN,ZONE J
AL QISAS,AL QISAS,AL AIN,ZONE J
AL QUA,AL QUA,AL AIN,ZONE J
AL QUASIS 1,AL QUASIS 1,DUBAI,ZONE G
AL QUASIS 2,AL QUASIS 2,DUBAI,ZONE G
AL QUASIS 3,AL QUASIS 3,DUBAI,ZONE G
AL QUASIS IND. 1,AL QUASIS IND. 1,DUBAI,ZONE G
AL QUASIS IND. 2,AL QUASIS IND. 2,DUBAI,ZONE G
AL QUASIS IND. 3,AL QUASIS IND. 3,DUBAI,ZONE G
AL QUASIS IND. 4,AL QUASIS IND. 4,DUBAI,ZONE G
AL QUASIS IND. 5,AL QUASIS IND. 5,DUBAI,ZONE G
AL QUDRA,AL QUDRA ROAD,DUBAI,ZONE A
AL QULAYAA,AL QULAYAA,SHARJAH,ZONE H
AL QULAYAH,AL QULAYAH,SHARJAH,ZONE H
AL QUOZ,AL QUOZ,DUBAI,ZONE B
AL QUOZ 1,AL QUOZ 1,DUBAI,ZONE B
AL QUOZ 2,AL QUOZ 2,DUBAI,ZONE B
AL QUOZ 3,AL QUOZ 3,DUBAI,ZONE B
AL QUOZ 4 - AL KHAIL MALL,AL QUOZ 4 - AL KHAIL MALL,DUBAI,ZONE B
AL QUOZ IND. AREA 2,AL QUOZ IND. AREA 2,DUBAI,ZONE B
AL QUOZ INDUSTRIAL AREA 1,AL QUOZ INDUSTRIAL AREA 1,DUBAI,ZONE B
AL QUOZ INDUSTRIAL AREA 3,AL QUOZ INDUSTRIAL AREA 3,DUBAI,ZONE B
AL QUOZ INDUSTRIAL AREA 4,AL QUOZ INDUSTRIAL AREA 4,DUBAI,ZONE B
AL QURAYYAH,AL QURAYYAH,FUJAIRAH,ZONE I
"AL QURDA, CAMEL RACE TRACK","AL QURDA, CAMEL RACE TRACK",DUBAI,ZONE A
AL QURM - ABU DHABI,AL QURM - ABU DHABI,ABU DHABI,ZONE K
AL QURM - RAK,AL QURM - RAK,RAS AL KHAIMAH,ZONE I
AL QUSAIDAT,AL QUSAIDAT,RAS AL KHAIMAH,ZONE I
AL QUSAIS,AL QUSAIS,DUBAI,ZONE G
AL RAAS - A,AL RAAS - A,UMM AL QUWAIN,ZONE I
AL RAAS - B,AL RAAS - B,UMM AL QUWAIN,ZONE I
AL RAAS - C,AL RAAS - C,UMM AL QUWAIN,ZONE I
AL RAAS - D,AL RAAS - D,UMM AL QUWAIN,ZONE I
AL RAFAAH- UAQ,AL RAFAAH- UAQ,RAS AL KHAIMAH,ZONE I
AL RAFFA,AL RAFFA,DUBAI,ZONE E
AL RAHA BEAC,AL RAHA BEACH,ABUDHABI,ZONE K
AL RAHA BEACH,AL RAHA BEACH,ABU DHABI,ZONE K
AL RAHA BEACH AREA,AL RAHA BEACH AREA,ABUDHABI,ZONE K
AL RAHA GARDENS,AL RAHA GARDENS,ABU DHABI,ZONE K
AL RAHBA,AL RAHBA,ABUDHABI,ZONE K
AL RAHMANIAH,AL RAHMANIAH,AL AIN,ZONE H
AL RAHMANIYA 1,AL RAHMANIYA 1,SHARJAH,ZONE H
AL RAHMANIYA 2,AL RAHMANIYA 2,SHARJAH,ZONE H
AL RAHMANIYA 3,AL RAHMANIYA 3,SHARJAH,ZONE H
AL RAHMANIYA 4,AL RAHMANIYA 4,SHARJAH,ZONE H
AL RAHMANIYA 5,AL RAHMANIYA 5,SHARJAH,ZONE H
AL RAHMANIYA 6,AL RAHMANIYA 6,SHARJAH,ZONE H
AL RAHMANIYA 7,AL RAHMANIYA 7,SHARJAH,ZONE H
AL RAHMANIYA 8,AL RAHMANIYA 8,SHARJAH,ZONE H
AL RAMAQIYA,AL RAMAQIYA,SHARJAH,ZONE H
AL RAMAQIYA SHJ,AL RAMAQIYA SHJ,SHARJAH,ZONE H
AL RAMLA EAST,AL RAMLA EAST,SHARJAH,ZONE H
AL RAMLA WEST,AL RAMLA WEST,SHARJAH,ZONE H
AL RAMLAH,AL RAMLAH,UMM AL QUWAIN,ZONE I
AL RAMLAH - B,AL RAMLAH - B,UMM AL QUWAIN,ZONE I
AL RAMLAH - C,AL RAMLAH - C,UMM AL QUWAIN,ZONE I
AL RAMS,AL RAMS,RAS AL KHAIMAH,ZONE I
AL RAMS - OUTER,AL RAMS - OUTER,RAS AL KHAIMAH,ZONE I
AL RAMTHA,AL RAMTHA,SHARJAH,ZONE H
AL RAMTHA SHJ,AL RAMTHA SHJ,SHARJAH,ZONE H
AL RAQAIB 1,AL RAQAIB 1,AJMAN,ZONE I
AL RAQAIB 2,AL RAQAIB 2,AJMAN,ZONE I
AL RAQAIB AJM,AL RAQAIB AJM,AJMAN,ZONE I
AL RAS,AL RAS,DUBAI,ZONE E
AL RAS AL AKHDAR,AL RAS AL AKHDAR,ABU DHABI,ZONE K
AL RASHIDIYA - AJMAN,AL RASHIDIYA - AJMAN,AJMAN,ZONE I
AL RASHIDIYA - AJMAN 2,AL RASHIDIYA - AJMAN 2,AJMAN,ZONE I
AL RASHIDIYA - DUBAI,AL RASHIDIYA - DUBAI,DUBAI,ZONE G
AL RASHIDIYA - UAQ,AL RASHIDIYA - UAQ,UMM AL QUWAIN,ZONE I
AL RASHIDIYA 3 - AJMAN,AL RASHIDIYA 3 - AJMAN,AJMAN,ZONE I
AL RAUDAH,AL RAUDAH,UMM AL QUWAIN,ZONE I
AL RAWADA AAN,AL RAWADA AAN,AL AIN,ZONE J
AL RAWDA AJM,AL RAWDA AJM,AJMAN,ZONE I
AL RAWDHA 1,AL RAWDHA 1,AJMAN,ZONE I
AL RAWDHA 2,AL RAWDHA 2,AJMAN,ZONE I
AL RAWDHA 3,AL RAWDHA 3,AJMAN,ZONE I
AL RAYHAN AUH,AL RAYHAN AUH,ABUDHABI,ZONE K
AL RAYHAN SHJ,AL RAYHAN SHJ,SHARJAH,ZONE H
AL RAYYANA,AL RAYYANA,ABU DHABI,ZONE K
AL RAZEEN,AL RAZEEN,ABU DHABI,ZONE K
AL REEF,AL REEF,ABU DHABI,ZONE K
AL REEF VILL,AL REEF VILLAGE,ABUDHABI,ZONE K
AL REEM,AL REEM,DUBAI,ZONE A
AL REEM ISLAND,AL REEM ISLAND,ABU DHABI,ZONE K
AL REMEILA AJM,AL REMEILA AJM,AJMAN,ZONE I
AL RIFA''AH,AL RIFA''AH,SHARJAH,ZONE H
AL RIFFA - RAK,AL RIFFA - RAK,RAS AL KHAIMAH,ZONE I
AL RIFFA'A,AL RIFFA'A,SHARJAH,ZONE H
AL RIFFAH,AL RIFFAH,SHARJAH,ZONE H
AL RIGGA,AL RIGGA,DUBAI,ZONE E
AL RIQQAH,AL RIQQAH,UMM AL QUWAIN,ZONE I
AL ROWDAH 2,AL ROWDAH 2,ABU DHABI,ZONE K
AL ROWDAH AL ZAAB,AL ROWDAH AL ZAAB,ABU DHABI,ZONE K
AL ROWDAH AUH,AL ROWDAH AUH,ABUDHABI,ZONE K
AL RUMAILA,AL RUMAILA,ABU DHABI,ZONE K
AL RUMAILAH,AL RUMAILAH,AJMAN,ZONE I
AL SAAD,AL SAAD,AL AIN,ZONE J
AL SAAF,AL SAAF,FUJAIRAH,ZONE I
AL SAAF 2,AL SAAF 2,FUJAIRAH,ZONE I
AL SABKHA - DUBAI,AL SABKHA - DUBAI,DUBAI,ZONE E
AL SABKHA - SHARJAH,AL SABKHA - SHARJAH,SHARJAH,ZONE H
AL SABKHA BUS STATION DXB,AL SABKHA BUS STATION DXB,DUBAI,ZONE E
AL SADI,AL SADI,RAS AL KHAIMAH,ZONE I
AL SAFA,AL SAFA,DUBAI,ZONE D
AL SAFA 1,AL SAFA 1,DUBAI,ZONE E
AL SAFA 2,AL SAFA 2,DUBAI,ZONE E
AL SAFARAT,AL SAFARAT,ABU DHABI,ZONE K
AL SAFIA,AL SAFIA,AJMAN,ZONE I
AL SAJA INDUSTRIAL,AL SAJA INDUSTRIAL,SHARJAH,ZONE H
AL SALAMA AREA,AL SALAMA AREA,UMM AL QUWAIN,ZONE I
AL SALAMAH - A,AL SALAMAH - A,UMM AL QUWAIN,ZONE I
AL SALAMAH - B,AL SALAMAH - B,UMM AL QUWAIN,ZONE I
AL SALAMAH - C,AL SALAMAH - C,UMM AL QUWAIN,ZONE I
AL SALAMAT,AL SALAMAT,AL AIN,ZONE J
AL SALAMAT DISTRICT,AL SALAMAT DISTRICT,AL AIN,ZONE J
AL SALL,AL SALL,RAS AL KHAIMAH,ZONE I
AL SAMHA,AL SAMHA,ABU DHABI,ZONE K
AL SAMHA EAST AUH,AL SAMHA EAST AUH,ABUDHABI,ZONE K
AL SAROOJ,AL SAROOJ,AL AIN,ZONE J
AL SAROOJ-NEW,AL SAROOJ-NEW,AL AIN,ZONE J
AL SAROOJ-OLD,AL SAROOJ-OLD,AL AIN,ZONE J
AL SATWA,AL SATWA,DUBAI,ZONE D
AL SAWAFI,AL SAWAFI,FUJAIRAH,ZONE I
AL SAWAN,AL SAWAN,AJMAN,ZONE I
AL SEEF - ABU DHABI,AL SEEF - ABU DHABI,ABU DHABI,ZONE K
AL SEEF - SHARJAH,AL SEEF - SHARJAH,SHARJAH,ZONE H
AL SEER,AL SEER,RAS AL KHAIMAH,ZONE I
AL SHAAIBAH,AL SHAAIBAH,AL AIN,ZONE J
AL SHABUR,AL SHABUR,FUJAIRAH,ZONE I
AL SHAHAMA,AL SHAHAMA,ABU DHABI,ZONE K
AL SHAHAMA OLD,AL SHAHAMA OLD,ABU DHABI,ZONE K
AL SHAHBA,AL SHAHBA,SHARJAH,ZONE H
AL SHALEELA,AL SHALEELA,ABU DHABI,ZONE K
AL SHAMKHA,AL SHAMKHA,ABU DHABI,ZONE K
AL SHAMKHA - 1,AL SHAMKHA - 1,ABU DHABI,ZONE K
AL SHAMKHA - 2,AL SHAMKHA - 2,ABU DHABI,ZONE K
AL SHAMKHA EAST,AL SHAMKHA EAST,ABU DHABI,ZONE K
AL SHAMKHA SOUTH,AL SHAMKHA SOUTH,ABU DHABI,ZONE K
AL SHAMKHA1,AL SHAMKHA1,ABU DHABI,ZONE K
AL SHAMKHA2,AL SHAMKHA2,ABU DHABI,ZONE K
AL SHARIA,AL SHARIA,FUJAIRAH,ZONE I
"AL SHARISHA, AL MATAF","AL SHARISHA, AL MATAF",RAS AL KHAIMAH,ZONE I
AL SHARQ,AL SHARQ,SHARJAH,ZONE H
AL SHAWAMEKH,AL SHAWAMEKH,ABU DHABI,ZONE K
AL SHOLA PRIVATE SCHOOL,AL SHOLA PRIVATE SCHOOL,SHARJAH,ZONE H
AL SHUWAIB,AL SHUWAIB,AL AIN,ZONE J
AL SHUWAIHEAN,AL SHUWAIHEAN,SHARJAH,ZONE H
AL SHWAIB,AL SHWAIB,AL AIN,ZONE J
AL SOOR - RAK,AL SOOR - RAK,RAS AL KHAIMAH,ZONE I
AL SOOR - SHARJAH,AL SOOR - SHARJAH,SHARJAH,ZONE H
"AL SOUK AL KABEER, PORT RASHID","AL SOUK AL KABEER, PORT RASHID",DUBAI,ZONE E
AL SUFOUH 1,AL SUFOUH 1,DUBAI,ZONE C
AL SUYOH,AL SUYOH - SHARJAH,SHARJAH,ZONE H
AL SWEIHAT,AL SWEIHAT,SHARJAH,ZONE H
AL TALA'A,AL TALA'A,SHARJAH,ZONE H
AL TALLAH 1,AL TALLAH 1,AJMAN,ZONE I
AL TALLAH 2,AL TALLAH 2,AJMAN,ZONE I
AL TARFANA,AL TARFANA,SHARJAH,ZONE H
Al TAWUN,Al TAAWUN,SHARJAH,ZONE H
AL TAWOON,AL TAWOON,SHARJAH,ZONE H
AL TAWUN - AL TAWUN ROAD,AL TAWUN - AL TAWUN ROAD,SHARJAH,ZONE H
AL TAWUN - NORTH,AL TAWUN - NORTH,SHARJAH,ZONE H
AL THAMMAM,AL THAMMAM,DUBAI,ZONE A
AL THANYAH 1- TECOM,AL THANYAH 1- TECOM,DUBAI,ZONE B
AL THANYAH 2,AL THANYAH 2,DUBAI,ZONE B
AL THANYAH 3,AL THANYAH 3,DUBAI,ZONE B
AL THANYAH 4 - SPRINGS,AL THANYAH 4 - SPRINGS,DUBAI,ZONE B
"AL THANYAH 5, JUMEIRAH PARK, MEADOWS 1,2","AL THANYAH 5, JUMEIRAH PARK, MEADOWS 1,2",DUBAI,ZONE B
AL THARFAN,AL THARFAN,SHARJAH,ZONE H
AL THURAYYA,AL THURAYYA,ABU DHABI,ZONE K
AL TOUBA AL AIN,AL TOUBA AL AIN,AL AIN,ZONE J
AL TOWAYA,AL TOWAYA,AL AIN,ZONE J
AL TOWAYYA,AL TOWAYYA,AL AIN,ZONE J
AL TURFAH,AL TURFAH,RAS AL KHAIMAH,ZONE I
AL TWAR,"AL TWAR 1, 2, 3",DUBAI,ZONE G
AL TWAR 1,AL TWAR 1,DUBAI,ZONE G
AL TWAR 2,AL TWAR 2,DUBAI,ZONE G
AL TWAR 3,AL TWAR 3,DUBAI,ZONE G
"AL URAIBI, AL MANARA MALL","AL URAIBI, AL MANARA MALL",RAS AL KHAIMAH,ZONE I
AL WADHA MALL,AL WADHA MALL,ABU DHABI,ZONE K
AL WAGAN,AL WAGAN,AL AIN,ZONE J
AL WAHA COMMUNITY,AL WAHA COMMUNITY,DUBAI,ZONE A
AL WAHDAH NEW,AL WAHDAH NEW,ABU DHABI,ZONE K
AL WARQA,AL WARQA,DUBAI,ZONE G
AL WARQA A 1,AL WARQA'A 1,DUBAI,ZONE G
AL WARQA A 2,AL WARQA'A 2,DUBAI,ZONE G
AL WARQA A 3,AL WARQA'A 3,DUBAI,ZONE G
AL WARQA A 4,AL WARQA'A 4,DUBAI,ZONE G
AL WARQA A 5,AL WARQA'A 5,DUBAI,ZONE G
AL WASL,AL WASL,DUBAI,ZONE D
AL WATHBA,AL WATHBA,ABUDHABI,ZONE K
AL WATHBA CYCLE TRACK,AL WATHBA CYCLE TRACK,ABU DHABI,ZONE K
AL WATHBA NORTH,AL WATHBA NORTH,ABU DHABI,ZONE K
AL WATHBA SOUTH,AL WATHBA SOUTH,ABU DHABI,ZONE K
AL WATHBA WETLAND RESERVE,AL WATHBA WETLAND RESERVE,ABU DHABI,ZONE K
AL WUHEIDA,AL WUHEIDA,DUBAI,ZONE E
AL YAHAR,AL YAHAR,AL AIN,ZONE J
AL YAHAR ALIA,AL YAHAR ALIA,AL AIN,ZONE J
AL YAHAR NORTH,AL YAHAR NORTH,AL AIN,ZONE J
AL YAHAR NORTH NEW,AL YAHAR NORTH NEW,AL AIN,ZONE J
AL YAHAR SOUTH,AL YAHAR SOUTH,AL AIN,ZONE J
AL YALAYIS,AL YALAYIS,DUBAI,ZONE A
AL YALAYIS 1,AL YALAYIS 1,DUBAI,ZONE A
AL YALAYIS 2,AL YALAYIS 2,DUBAI,ZONE A
AL YALAYIS 3,AL YALAYIS 3,DUBAI,ZONE A
AL YARMOOK - SHARJAH,AL YARMOOK - SHARJAH,SHARJAH,ZONE H
AL YARMOUK - FUJ,AL YARMOUK - FUJ,FUJAIRAH,ZONE I
AL YASH STREET,AL YASH STREET,SHARJAH,ZONE H
AL YASMEEN,AL YASMEEN,SHARJAH,ZONE H
AL YUFRAH 1,AL YUFRAH 1,DUBAI,ZONE A
AL YUFRAH 2,AL YUFRAH 2,DUBAI,ZONE A
AL ZAAB,AL ZAAB,ABU DHABI,ZONE K
AL ZAAB 2,AL ZAAB 2,ABU DHABI,ZONE K
AL ZAHIYAH,AL ZAHIYAH,ABUDHABI,ZONE K
AL ZAHYA,AL ZAHYA,AJMAN,ZONE I
AL ZAWRAH,AL ZAWRAH,AJMAN,ZONE I
AL ZEINA,AL ZEINA,ABUDHABI,ZONE K
AL ZUBAIR,AL ZUBAIR,SHARJAH,ZONE H
AL ZUBAIR ORCHARDS,AL ZUBAIR ORCHARDS,SHARJAH,ZONE H
ANAJAIMAT,ANAJAIMAT,FUJAIRAH,ZONE I
ARAB RANCHES,ARABIAN RANCHES,DUBAI,ZONE A
ASHERJ,ASHERJ,AL AIN,ZONE J
AUH DRIVING LICENSE DEPT - MUROOR,AUH DRIVING LICENSE DEPT - MUROOR,ABU DHABI,ZONE K
AUH POLICE CLINIC - MUROOR,AUH POLICE CLINIC - MUROOR,ABU DHABI,ZONE K
AUH POLICE COLLEGE - MUROOR,AUH POLICE COLLEGE - MUROOR,ABU DHABI,ZONE K
AWEER,AWEER,DUBAI,ZONE F
AYAL NASIR,AYAL NASIR,DUBAI,ZONE E
BAB AL SHAMS,BAB AL SHAMS,DUBAI,ZONE A
BAHANA - 2,BAHANA - 2,FUJAIRAH,ZONE I
BANIYAS,BANIYAS,ABUDHABI,ZONE K
BANIYAS EAST,BANIYAS EAST,ABU DHABI,ZONE K
"BANIYAS EAST 7,8,9,10","BANIYAS EAST 7,8,9,10",ABU DHABI,ZONE K
BANIYAS WEST,BANIYAS WEST,ABU DHABI,ZONE K
BANIYAS-AUH,BANIYAS-AUH,ABUDHABI,ZONE K
BAQAL,BAQAL,RAS AL KHAIMAH,ZONE I
BARAHA KALBA,BARAHA KALBA,FUJAIRAH,ZONE I
BARASHI,BARASHI,SHARJAH,ZONE H
BATEEN AREA,BATEEN AREA,ABUDHABI,ZONE K
BATIYAH SOUTH,BATIYAH SOUTH,RAS AL KHAIMAH,ZONE I
BEIN AL JAZARI,BEIN AL JAZARI,ABUDHABI,ZONE K
BIDA BINT SA,BIDA BINT SAUD,AL AIN,ZONE J
BIEN AL JASHRIEN,BIEN AL JASHRIEN,ABUDHABI,ZONE K
BIN MAJID HOTELS & RESORTS,BIN MAJID HOTELS & RESORTS,RAS AL KHAIMAH,ZONE I
BLOOM GARDEN,BLOOM GARDEN,ABUDHABI,ZONE K
BLUE WATERS ISLAND,BLUE WATERS ISLAND,DUBAI,ZONE C
BLUEWATERS ISLAND,BLUEWATERS ISLAND,DUBAI,ZONE C
BREAK WATER,BREAK WATER,ABU DHABI,ZONE K
BU KARDA,BU KARDA,DUBAI,ZONE F
BUILDING MATERIALS CITY,BUILDING MATERIALS CITY,ABU DHABI,ZONE K
BUR DUBAI,BUR DUBAI,DUBAI,ZONE E
BUSINESS BAY,BUSINESS BAY,DUBAI,ZONE E
BUTINA,BUTINA,SHARJAH,ZONE H
ABU ABYAD ISLAND,ABU ABYAD ISLAND,ABUDHABI,ZONE K
CAMEL RACE TRACK,CAMEL RACE TRACK,RAS AL KHAIMAH,ZONE I
"CAMEL RACE, POLICE ACADEMY","CAMEL RACE, POLICE ACADEMY",SHARJAH,ZONE H
CANAL DISTRICT PHASE 2/JEBEL ALI DISTRICT,CANAL DISTRICT PHASE 2/JEBEL ALI DISTRICT,DUBAI,ZONE B
CENTRAL BANK OF THE UAE - AL BATEEN,CENTRAL BANK OF THE UAE - AL BATEEN,ABU DHABI,ZONE K
CENTRAL DISTRICT,CENTRAL DISTRICT,AL AIN,ZONE J
CENTRAL SOUQ,CENTRAL SOUQ,SHARJAH,ZONE H
CORNICHE BEACH,CORNICHE BEACH,ABU DHABI,ZONE K
CORNICHE DEIRA,CORNICHE DEIRA,DUBAI,ZONE E
CORNICHE RD,CORNICHE RD,ABUDHABI,ZONE K
CREEK VILLAS,CREEK VILLAS,DUBAI,ZONE E
DADNA,DADNA,FUJAIRAH,ZONE I
DAFAN AL KHOR,DAFAN AL KHOR,RAS AL KHAIMAH,ZONE I
DAHAN,DAHAN,RAS AL KHAIMAH,ZONE I
DAMAC,DAMAC HILLS,DUBAI,ZONE A
DASMAN,DASMAN,SHARJAH,ZONE H
DEFENCE CAMP,DEFENCE CAMP,UMM AL QUWAIN,ZONE I
DEIRA,DEIRA,DUBAI,ZONE E
DEIRA CITY CENTRE,DEIRA CITY CENTRE,DUBAI,ZONE E
DFC,DUABI FESTIVAL CITY,DUBAI,ZONE G
DHAID,DHAID,SHARJAH,ZONE H
DIBBA,DIBBA,FUJAIRAH,ZONE I
DIBBA AL FUJAIRAH,DIBBA AL FUJAIRAH,FUJAIRAH,ZONE I
DIBBA AL HISN,DIBBA AL HISN,FUJAIRAH,ZONE I
"DIBBA BEACH, SUWAYFAH","DIBBA BEACH, SUWAYFAH",FUJAIRAH,ZONE I
DIC,DIC,DUBAI,ZONE A
DIFC,DIFC,DUBAI,ZONE E
DIFC - TRADE CENTRE 2,DIFC - TRADE CENTRE 2,DUBAI,ZONE E
DIP 2,DIP 2,DUBAI,ZONE A
DIP GREEN,DIP GREEN COMMUNITY,DUBAI,ZONE A
DISCOVERY,DISCOVERY GARDENS,DUBAI,ZONE B
DISCOVERY GARDENS,DISCOVERY GARDENS,DUBAI,ZONE B
DOWNTOWN,DOWNTOWN DUBAI,DUBAI,ZONE E
DOWNTOWN JABAL ALI - ZONE 4,DOWNTOWN JABAL ALI - ZONE 4,DUBAI,ZONE E
DOWNTOWN JABAL ALI ZONE 1,DOWNTOWN JABAL ALI ZONE 1,DUBAI,ZONE E
DOWNTOWN JABAL ALI ZONE 2,DOWNTOWN JABAL ALI ZONE 2,DUBAI,ZONE E
DSC,DUBAI STUDIO CITY,DUBAI,ZONE A
DUBAI DESIGN DISTRICT,DUBAI DESIGN DISTRICT,DUBAI,ZONE E
DUBAI FESTIVAL CITY,DUBAI FESTIVAL CITY,DUBAI,ZONE G
DUBAI HILLS,DUBAI HILLS,DUBAI,ZONE A
DUBAI INTERNATIONAL AIRPORT TERMINAL 1,DUBAI INTERNATIONAL AIRPORT TERMINAL 1,DUBAI,ZONE E
DUBAI INTERNATIONAL AIRPORT TERMINAL 2,DUBAI INTERNATIONAL AIRPORT TERMINAL 2,DUBAI,ZONE E
"DUBAI INTERNATIONAL CITY, WARSAN 1","DUBAI INTERNATIONAL CITY, WARSAN 1",DUBAI,ZONE F
DUBAI INVESTMENT PARK 1,DUBAI INVESTMENT PARK 1,DUBAI,ZONE A
DUBAI INVESTMENT PARK 2,DUBAI INVESTMENT PARK 2,DUBAI,ZONE A
DUBAI MALL,DUBAI MALL,DUBAI,ZONE E
DUBAI MARINA,DUBAI MARINA,DUBAI,ZONE C
DUBAI MARITIME CITY,DUBAI MARITIME CITY,DUBAI,ZONE E
DUBAI OUTER,DUBAI OUTER,DUBAI,ZONE E
DUBAI OUTER 2,DUBAI OUTER 2,DUBAI,ZONE E
"DUBAI OUTLET MALL, MINHAD AB","DUBAI OUTLET MALL, MINHAD AB",DUBAI,ZONE F
DUBAI PRODUCTION CITY,DUBAI PRODUCTION CITY,DUBAI,ZONE A
DUBAI SOUTH,DUBAI SOUTH,DUBAI,ZONE A
DUBAI WORLD CENTRAL,DUBAI WORLD CENTRAL,DUBAI,ZONE A
DUBAILAND,DUBAILAND,DUBAI,ZONE F
DUCAMZ,DUCAMZ,DUBAI,ZONE F
DWC GOLF CITY,DWC GOLF CITY,DUBAI,ZONE A
EKHALIFA CITY A - POLICE STATION,EKHALIFA CITY A - POLICE STATION,ABU DHABI,ZONE K
ELECTRA PARK,ELECTRA PARK,ABU DHABI,ZONE K
ELECTRA ST,ELECTRA ST,AbUDHABI,ZONE K
ELIASH,ELIASH,SHARJAH,ZONE H
EMIRATE HILL,EMIRATES HILLS,DUBAI,ZONE B
EMIRATES CITY,EMIRATES CITY,DUBAI,ZONE I
EMIRATES MODERN INDUSTRIAL AREA,EMIRATES MODERN INDUSTRIAL AREA,UMM AL QUWAIN,ZONE I
EMIRATES ROAD,EMIRATES ROAD,DUBAI,ZONE A
EMMAR SOUTH,EMMAR SOUTH,DUBAI,ZONE A
ETIHAD TOWERS,ETIHAD TOWERS,ABU DHABI,ZONE K
FALAJ AL MULLA,FALAJ AL MULLA,UMM AL QUWAIN,ZONE I
FALAJ HAZZAA MUROOR,FALAJ HAZZAA MUROOR,AL AIN,ZONE J
FALCON CITY,FALCON CITY,DUBAI,ZONE F
FALLAJ AL MUWALLAH,FALLAJ AL MUWALLAH,UMM AL QUWAIN,ZONE I
FAYYAD MINAZ,FAYYAD MINAZ,FUJAIRAH,ZONE I
Financial center,,DUBAI,ZONE C
FISH MARKET - SHARJAH,FISH MARKET - SHARJAH,SHARJAH,ZONE H
FLAG ISLAND,FLAG ISLAND,SHARJAH,ZONE H
FRUIT & VEGETABLE MARKET,FRUIT & VEGETABLE MARKET,DUBAI,ZONE F
FRUIT & VEGETABLE MARKET (SHARJAH),FRUIT & VEGETABLE MARKET (SHARJAH),SHARJAH,ZONE H
FUJAIRAH CITY CENTER,FUJAIRAH CITY CENTER,FUJAIRAH,ZONE I
FUJAIRAH CITY CENTER OUTER,FUJAIRAH CITY CENTER OUTER,FUJAIRAH,ZONE I
FUJAIRAH CITY OUTER,FUJAIRAH CITY OUTER,FUJAIRAH,ZONE I
FUJAIRAH CITY OUTER 1,FUJAIRAH CITY OUTER 1,FUJAIRAH,ZONE I
FUJAIRAH CITY OUTER 2,FUJAIRAH CITY OUTER 2,FUJAIRAH,ZONE I
FUJAIRAH FREE TRADE ZONE,FUJAIRAH FREE TRADE ZONE,FUJAIRAH,ZONE I
FUJAIRAH HOSPITAL,FUJAIRAH HOSPITAL,FUJAIRAH,ZONE I
FUJAIRAH INTL AIRPORT,FUJAIRAH INTL AIRPORT,FUJAIRAH,ZONE I
"FUJAIRAH MUNICIPALITY,EID MUSSALLA RD","FUJAIRAH MUNICIPALITY,EID MUSSALLA RD",FUJAIRAH,ZONE I
FUJAIRAH OUTER AREA,FUJAIRAH OUTER AREA,FUJAIRAH,ZONE I
FUJAIRAH OUTER AREA - 2,FUJAIRAH OUTER AREA - 2,FUJAIRAH,ZONE I
FUJAIRAH OUTER MONTAINS,FUJAIRAH OUTER MONTAINS,FUJAIRAH,ZONE I
FUJAIRAH PORT,FUJAIRAH PORT,FUJAIRAH,ZONE I
GANTOOT,GANTOOT,ABUDHABI,ZONE K
GARDENS,GARDENS,DUBAI,ZONE B
GARHOUD,GARHOUD,DUBAI,ZONE G
"GHALILAH,WADI GHALILAH","GHALILAH,WADI GHALILAH",RAS AL KHAIMAH,ZONE I
GHANIMA AL AIN,GHANIMA AL AIN,AL AIN,ZONE J
GHANTOOT,GHANTOOT,ABU DHABI,ZONE K
GHANTOOT OUTER,GHANTOOT OUTER,ABU DHABI,ZONE K
GHAREBAH,GHAREBAH,AL AIN,ZONE J
"GHUB, CEMENT FACTORY","GHUB, CEMENT FACTORY",FUJAIRAH,ZONE I
GLOBAL VILLAGE,GLOBAL VILLAGE,DUBAI,ZONE A
GOLF,GOLF CITY,DUBAI,ZONE A
GREEN BELT - UMM AL QUWAIN,GREEN BELT - UMM AL QUWAIN,UMM AL QUWAIN,ZONE I
GREENS,GREENS,DUBAI,ZONE B
HABSAB,HABSAB,FUJAIRAH,ZONE I
"HADABAT AL ZAAFARAN, AL SALAM STREET","HADABAT AL ZAAFARAN, AL SALAM STREET",ABU DHABI,ZONE K
HADEQ MOHAMMED BIN RASHID,HADEQ MOHAMMED BIN RASHID,DUBAI,ZONE E
HAI KHALID,HAI KHALID,AL AIN,ZONE J
HALWAN SUBURB,HALWAN SUBURB,SHARJAH,ZONE H
HAMDAN ST,HAMDAN ST,AbUDHABI,ZONE K
"HAMDAN STREET, AL HOSN, MARKAZIYA WEST","HAMDAN STREET, AL HOSN, MARKAZIYA WEST",ABU DHABI,ZONE K
HAMRIYA,HAMRIYA,DUBAI,ZONE G
HATEEN,HATEEN,FUJAIRAH,ZONE I
HATTA,HATTA,DUBAI,ZONE F
HATTA - 1,HATTA - 1,DUBAI,ZONE F
HATTA-2,HATTA-2,DUBAI,ZONE I
HATTAN,HATTAN,DUBAI,ZONE A
Hattan.Villa-6. The Lakes,,DUBAI,ZONE C
HAYAT TOWNHOUSES,HAYAT TOWNHOUSES,DUBAI,ZONE A
HAYAWA,HAYAWA,FUJAIRAH,ZONE I
HEALTHCARE CITY,DUBAI HEALTHCARE CITY,DUBAI,ZONE E
HESSYAN 1,HESSYAN 1,DUBAI,ZONE C
HESSYAN 2,HESSYAN 2,DUBAI,ZONE C
HILI KAHLEEF,HILI KAHLEEF,AL AIN,ZONE J
HILLI NAYFA,HILLI NAYFA,AL AIN,ZONE J
HOR AL ANZ,HOR AL ANZ,DUBAI,ZONE E
HOR AL ANZ EAST,HOR AL ANZ EAST,DUBAI,ZONE E
HUDAIBA,HUDAIBA,DUBAI,ZONE D
HYDRA VILLAG,HYDRA VILLAGE,ABUDHABI,ZONE K
ICAD 1 & RESIDENTIAL CITY,ICAD 1 & RESIDENTIAL CITY,ABU DHABI,ZONE K
ICAD 2,ICAD 2,ABU DHABI,ZONE K
ICAD 3,ICAD 3,ABU DHABI,ZONE K
IMPZ,IMPZ,DUBAI,ZONE A
INDUSTRIAL A,INDUSTRIAL AREA,AL AIN,ZONE J
INDUSTRIAL AREA,INDUSTRIAL AREA,UMM AL QUWAIN,ZONE I
INDUSTRIAL AREA - FUJAIRAH,INDUSTRIAL AREA - FUJAIRAH,FUJAIRAH,ZONE I
INDUSTRIAL AREA & FREE ZONE,INDUSTRIAL AREA & FREE ZONE,RAS AL KHAIMAH,ZONE I
INDUSTRIAL AREA & FREE ZONE 2,INDUSTRIAL AREA & FREE ZONE 2,RAS AL KHAIMAH,ZONE I
"INDUSTRIAL AREA, KARSHA, SAMBRAID BEACH","INDUSTRIAL AREA, KARSHA, SAMBRAID BEACH",FUJAIRAH,ZONE I
"INTERNATIONAL CITY 2, WARSAN 4","INTERNATIONAL CITY 2, WARSAN 4",DUBAI,ZONE F
International City Warsan 1,International City Warsan 1,DUBAI,ZONE F
INTERNATIONAL QARRIES & CEMENT,INTERNATIONAL QARRIES & CEMENT,FUJAIRAH,ZONE I
INTERNET CITY,INTERNET CITY,DUBAI,ZONE C
INTL CITY,INTERNATIONAL CITY,DUBAI,ZONE F
JABAL ALI IND. 3,JABAL ALI IND. 3,DUBAI,ZONE C
JABAL ALI INDUSTRIAL AREA 1,JABAL ALI INDUSTRIAL AREA 1,DUBAI,ZONE C
JABAL ALI INDUSTRIAL AREA 2,JABAL ALI INDUSTRIAL AREA 2,DUBAI,ZONE C
JABEL HAFEET,JABEL HAFEET,AL AIN,ZONE J
JADAF,JADAF,DUBAI,ZONE D
JAFILIYA,JAFILIYA,DUBAI,ZONE E
JAS MOUNTAIN,JAS MOUNTAIN,RAS AL KHAIMAH,ZONE I
JAWASATH ST,JAWASATH ST,ABUDHABI,ZONE K
JAZIRAT AL HAMRA - OLD,JAZIRAT AL HAMRA - OLD,RAS AL KHAIMAH,ZONE I
JAZIRAT AL HIBAB,JAZIRAT AL HIBAB,SHARJAH,ZONE H
JBR,JUMEIRAH BEACH RESIDENCES,DUBAI,ZONE C
JEBAL ALI TECHNO PARK,JEBAL ALI TECHNO PARK,DUBAI,ZONE C
JEBEL ALI FREE ZONE - JABAL ALI 2,JEBEL ALI FREE ZONE - JABAL ALI 2,DUBAI,ZONE C
JEBEL ALI FREE ZONE - JABAL ALI 3,JEBEL ALI FREE ZONE - JABAL ALI 3,DUBAI,ZONE C
JEBEL ALI FREE ZONE - MINA JABAL ALI,JEBEL ALI FREE ZONE - MINA JABAL ALI,DUBAI,ZONE C
JEBEL ALI VILLAGE,JEBEL ALI VILLAGE,DUBAI,ZONE B
JEBELALI IND,JEBEL ALI   INDUSTRIAL AREA,DUBAI,ZONE C
JLT,JUMEIRAH LAKE TOWERS,DUBAI,ZONE C
JUM ISLAND,JUMEIRAH ISLAND,DUBAI,ZONE B
JUMEIRAH,"JUMEIRAH 1, 2, 3",DUBAI,ZONE D
"JUMEIRAH 1, PEARL JUMEIRAH","JUMEIRAH 1, PEARL JUMEIRAH",DUBAI,ZONE D
JUMEIRAH 2,JUMEIRAH 2,DUBAI,ZONE D
JUMEIRAH 3,JUMEIRAH 3,DUBAI,ZONE D
JUMEIRAH GOL,JUMEIRAH GOLF ESTATES,DUBAI,ZONE A
JUMEIRAH ISLAND,JUMEIRAH ISLAND,DUBAI,ZONE B
JUMEIRAH LAKE TOWERS -1,JUMEIRAH LAKE TOWERS -1,DUBAI,ZONE C
JUMEIRAH LAKE TOWERS -2,JUMEIRAH LAKE TOWERS -2,DUBAI,ZONE C
JUMEIRAH PARK,JUMEIRAH PARK,DUBAI,ZONE B
JUWAIZAA SUBURB,JUWAIZAA SUBURB,SHARJAH,ZONE H
JVC,JUMEIRAH VILLAGE CIRCLE,DUBAI,ZONE B
JVT,JUMEIRAH VILLAGE TRIANGLE,DUBAI,ZONE B
KALBA - 2,KALBA - 2,FUJAIRAH,ZONE I
KALBA - FUJAIRAH,KALBA - FUJAIRAH,FUJAIRAH,ZONE I
KALBA CLUB,KALBA CLUB,FUJAIRAH,ZONE I
KALBA HOSPITAL,KALBA HOSPITAL,FUJAIRAH,ZONE I
KARAMA,KARAMA,DUBAI,ZONE E
KHALIDIYA,KHALIDIYA,ABUDHABI,ZONE K
KHALIFA CITY,KHALIFA CITY,ABU DHABI,ZONE K
KHALIFA CITY A - AL DANA COMPOUND,KHALIFA CITY A - AL DANA COMPOUND,ABU DHABI,ZONE K
KHALIFA PARK,KHALIFA PARK AREA,ABUDHABI,ZONE K
KHALIFA ST,KHALIFA ST,ABUDHABI,ZONE K
KHALIFACITYA,KHALIFA CITY A,ABUDHABI,ZONE K
KHALIFACITYB,KHALIFA CITY B,ABUDHABI,ZONE K
KHALIFAH CITY,KHALIFAH CITY,ABUDHABI,ZONE K
KHATAM AL SH,KHATAM AL SHIKLA,AL AIN,ZONE J
KHATM-AL-SHIKLA,KHATM-AL-SHIKLA,AL AIN,ZONE J
KHATT,KHATT,RAS AL KHAIMAH,ZONE I
KHAWANEEJ,KHAWANEEJ,DUBAI,ZONE G
KHAWAR KALBA 2,KHAWAR KALBA 2,FUJAIRAH,ZONE I
KHAWR KALBA,KHAWR KALBA,FUJAIRAH,ZONE I
KHOR AL RAHA,KHOR AL RAHA,ABU DHABI,ZONE K
KHORFAKHAN,KHORFAKHAN,FUJAIRAH,ZONE I
KHUZAM - RAK,KHUZAM - RAK,RAS AL KHAIMAH,ZONE I
"KNOWLEDGE VILLAGE, INTERNET CITY","KNOWLEDGE VILLAGE, INTERNET CITY",DUBAI,ZONE C
KUWAITAT AL AIN,KUWAITAT AL AIN,AL AIN,ZONE J
LAKES,LAKES,DUBAI,ZONE B
LAYAN COMMUNITY,LAYAN COMMUNITY,DUBAI,ZONE A
LAYYAH POWER STATION,LAYYAH POWER STATION,SHARJAH,ZONE H
"LIBSA, BAYATHA","LIBSA, BAYATHA",UMM AL QUWAIN,ZONE I
LIVING LEGENDS,LIVING LEGENDS,DUBAI,ZONE F
"LIWA BADR, AL ZAHRA","LIWA BADR, AL ZAHRA",RAS AL KHAIMAH,ZONE I
LIWAN,LIWAN,DUBAI,ZONE F
LULU EXPRESS - MUROOR,LULU EXPRESS - MUROOR,ABU DHABI,ZONE K
LULUYAH BEACH,LULUYAH BEACH,FUJAIRAH,ZONE I
MADAM - 1,MADAM - 1,DUBAI,ZONE F
MADHAB,MADHAB,FUJAIRAH,ZONE I
MADINAT AL ARAB PHASE 1,MADINAT AL ARAB PHASE 1,DUBAI,ZONE E
MADINAT NAHI,MADINAT NAHIL,AL AIN,ZONE J
MAFRAQ,MAFRAQ,ABUDHABI,ZONE K
MAFRAQ INDUSTRIAL AREA,MAFRAQ INDUSTRIAL AREA,ABU DHABI,ZONE K
MAFRAQ KALBA,MAFRAQ KALBA,FUJAIRAH,ZONE I
MAFRAQ WORKERS CITY,MAFRAQ WORKERS CITY,ABU DHABI,ZONE K
MAGHRIBIYAH,MAGHRIBIYAH,RAS AL KHAIMAH,ZONE I
MAHAWI,MAHAWI,ABU DHABI,ZONE K
MAJAN,MAJAN,DUBAI,ZONE F
MALIHA ROAD SHJ,MALIHA ROAD SHJ,SHARJAH,ZONE H
MAMZAR,MAMZAR,DUBAI,ZONE G
MANASEER,MANASEER,AL AIN,ZONE J
MANGROOVE VILLAGE,MANGROOVE VILLAGE,ABUDHABI,ZONE K
MANGROVE NATIONAL PARK,MANGROVE NATIONAL PARK,ABU DHABI,ZONE K
MANGROVE VILLAGE,MANGROVE VILLAGE,ABU DHABI,ZONE K
MANKHOOL,MANKHOOL,DUBAI,ZONE E
MARCY AREA,MARCY AREA,DUBAI,ZONE E
MARGHAN,MARGHAN,DUBAI,ZONE A
MARINA MALL,MARINA MALL,ABUDHABI,ZONE K
MARJAN ISLAND,MARJAN ISLAND,RAS AL KHAIMAH,ZONE I
MARSA AL KHOR,MARSA AL KHOR,DUBAI,ZONE F
MASAFI,MASAFI,FUJAIRAH,ZONE I
MASAKIN,MASAKIN,AL AIN,ZONE J
MASDAR CITY,MASDAR CITY,ABU DHABI,ZONE K
MASJID AL MAZROUI,MASJID AL MAZROUI,UMM AL QUWAIN,ZONE I
MAYSALOON,MAYSALOON,SHARJAH,ZONE H
MAZAYA BUSINESS CENTER,MAZAYA BUSINESS CENTER,DUBAI,ZONE E
MAZAYED VILLAGE,MAZAYED VILLAGE,ABU DHABI,ZONE K
MAZYAD AL AIN,MAZYAD AL AIN,AL AIN,ZONE J
MBZ,MBZ,ABU DHABI,ZONE K
MBZ CITY,MBZ CITY,ABU DHABI,ZONE K
MBZ ZONE 13,MBZ ZONE 13,ABU DHABI,ZONE K
MBZ ZONE 17,MBZ ZONE 17,ABU DHABI,ZONE K
MBZ ZONE 19,MBZ ZONE 19,ABU DHABI,ZONE K
MBZ ZONE 20,MBZ ZONE 20,ABU DHABI,ZONE K
MBZ ZONE 26 & 27,MBZ ZONE 26 & 27,ABU DHABI,ZONE K
MEADOWS,MEADOWS,DUBAI,ZONE B
ME'AISEM 1 -IMPZ,ME'AISEM 1 -IMPZ,DUBAI,ZONE A
MEAISEM 2,MEAISEM 2,DUBAI,ZONE A
MEDIA CITY,MEDIA CITY,DUBAI,ZONE C
MERASHID,MERASHID,FUJAIRAH,ZONE I
MEYDAN,MEYDAN,DUBAI,ZONE F
MEYDAN HEIGHTS,MEYDAN HEIGHTS,DUBAI,ZONE F
MEZYED,MEZYED,AL AIN,ZONE J
MILLENIUM VILLAS,MILLENIUM VILLAS,DUBAI,ZONE F
MINA AL ARAB,MINA AL ARAB,RAS AL KHAIMAH,ZONE I
MINA ROAD AUH,MINA ROAD AUH,ABUDHABI,ZONE K
MIRA TOWNHOUSES,MIRA TOWNHOUSES,DUBAI,ZONE A
MIRDIF,MIRDIF,DUBAI,ZONE G
MIRDIFF,MIRDIFF,DUBAI,ZONE G
MOHAMED BIN,MOHAMED BIN ZAYED CITY,ABUDHABI,ZONE K
MOHAMMED BIN ZAYED CITY,MOHAMMED BIN ZAYED CITY,ABUDHABI,ZONE K
"MOHAMMED BIN ZAYED CITY, SHABIA","MOHAMMED BIN ZAYED CITY, SHABIA",ABU DHABI,ZONE K
MOTOR CITY,MOTOR CITY,DUBAI,ZONE A
MOTOR WORLD,MOTOR WORLD,ABU DHABI,ZONE K
MOWAILEH CAMP,MOWAILEH CAMP,SHARJAH,ZONE H
MUDON,MUDON,DUBAI,ZONE A
MUHAISANAH 1,MUHAISANAH 1,DUBAI,ZONE G
MUHAISANAH 2,MUHAISANAH 2,DUBAI,ZONE G
MUHAISANAH 3,MUHAISANAH 3,DUBAI,ZONE G
MUHAISANAH 4,MUHAISANAH 4,DUBAI,ZONE G
MUHAISNAH,MUHAISNAH,DUBAI,ZONE G
MUMZAR - SHARJAH,MUMZAR - SHARJAH,SHARJAH,ZONE H
MURAQQABAT,MURAQQABAT,DUBAI,ZONE E
MURBAH BEACH,MURBAH BEACH,FUJAIRAH,ZONE I
"MURQQUAB, AL FAQA","MURQQUAB, AL FAQA",DUBAI,ZONE F
MURROR ROAD,MURROR ROAD,ABUDHABI,ZONE K
MUSAFFAH 1,MUSAFFAH 1,ABU DHABI,ZONE K
"MUSAFFAH SHABIYA 11, 12","MUSAFFAH SHABIYA 11, 12",ABU DHABI,ZONE K
MUSHEIRIF,MUSHEIRIF,AJMAN,ZONE I
MUSHRIF,MUSHRIF,DUBAI,ZONE G
MUSSAFAH,MUSSAFAH,ABUDHABI,ZONE K
MUSSAFAH SHABIYA,MUSSAFAH SHABIYA,ABU DHABI,ZONE K
MUSSAFAH_2,MUSSAFAH_2,ABU DHABI,ZONE K
MUSSAFAH_3,MUSSAFAH_3,ABU DHABI,ZONE K
MUSSAFAH_4,MUSSAFAH_4,ABU DHABI,ZONE K
MUWAFJAH,MUWAFJAH,SHARJAH,ZONE H
MUWAIJI AL AIN,MUWAIJI AL AIN,AL AIN,ZONE J
MUWAILEH AREA SHJ,MUWAILEH AREA SHJ,SHARJAH,ZONE H
MUWAILEH COMMERCIAL,MUWAILEH COMMERCIAL,SHARJAH,ZONE H
MUZAIRAH,MUZAIRAH,SHARJAH,ZONE H
NAD AL SHEBA,NAD AL SHEBA,DUBAI,ZONE F
NAD ALHAMMAR,NAD AL HAMMAR,DUBAI,ZONE G
NADD AL HAMAR,NADD AL HAMAR,DUBAI,ZONE G
NADD AL SHIBA 1,NADD AL SHIBA 1,DUBAI,ZONE F
NADD AL SHIBA 2,NADD AL SHIBA 2,DUBAI,ZONE F
NADD AL SHIBA 3,NADD AL SHIBA 3,DUBAI,ZONE F
NADD AL SHIBA 4,NADD AL SHIBA 4,DUBAI,ZONE F
NADD HESSA (SILICON OASIS),NADD HESSA (SILICON OASIS),DUBAI,ZONE F
NAHEL,NAHEL,AL AIN,ZONE J
NAIF,NAIF,DUBAI,ZONE E
NATIONAL PAINT,NATIONAL PAINT,SHARJAH,ZONE H
NAZDA ST,NAZDA ST,ABUDHABI,ZONE K
NEIMA,NEIMA,AL AIN,ZONE J
NEW AL NAHDA,NEW AL NAHDA,ABU DHABI,ZONE K
NEW HAMARIYA,NEW HAMARIYA,SHARJAH,ZONE H
NUJOOM ISLAND,NUJOOM ISLAND,SHARJAH,ZONE H
OFFICERS CIT,OFFICERS CITY,ABUDHABI,ZONE K
OFFICERS CLUB,OFFICERS CLUB,ABU DHABI,ZONE K
OLD FUJAIRAH CITY,OLD FUJAIRAH CITY,FUJAIRAH,ZONE I
OLD MUWAILEH,OLD MUWAILEH,SHARJAH,ZONE H
OLD TOWN AREA,OLD TOWN AREA,UMM AL QUWAIN,ZONE I
OUD AL MUTEENA,OUD AL MUTEENA,DUBAI,ZONE G
OUD AL MUTEENA 1,OUD AL MUTEENA 1,DUBAI,ZONE G
OUD AL MUTEENA 2,OUD AL MUTEENA 2,DUBAI,ZONE G
OUD MEHTA,OUD MEHTA,DUBAI,ZONE E
OUD METHA,OUD METHA,DUBAI,ZONE E
PALM JABAL ALI,PALM JABAL ALI,DUBAI,ZONE C
PALM JUMEIRA,PALM JUMEIRAH,DUBAI,ZONE C
POLO RESIDENCE,POLO RESIDENCE,DUBAI,ZONE F
PORT KHALID,PORT KHALID,SHARJAH,ZONE H
PORT SAEED,PORT SAEED,DUBAI,ZONE E
PORT ZAYED,PORT ZAYED,ABU DHABI,ZONE K
QARAYEN SHJ,QARAYEN SHJ,SHARJAH,ZONE H
QASR AL BAHR,QASR AL BAHR,ABU DHABI,ZONE K
QIDAF,QIDAF,FUJAIRAH,ZONE I
QUEUE POINT,QUEUE POINT,DUBAI,ZONE F
RABDAN ACADEMY,RABDAN ACADEMY,ABU DHABI,ZONE K
RAK,RAS AL KHAIMAH,RAS AL KHAIMAH,ZONE I
RAK BANK,RAK BANK,RAS AL KHAIMAH,ZONE I
RAK CITY,RAK CITY,RAS AL KHAIMAH,ZONE I
RAK INTERNATIONAL AIRPORT,RAK INTERNATIONAL AIRPORT,RAS AL KHAIMAH,ZONE I
RAMLAT ZAKHER,RAMLAT ZAKHER,AL AIN,ZONE J
RAS AL KHAIMA CITY OUTER,RAS AL KHAIMA CITY OUTER,RAS AL KHAIMAH,ZONE I
RAS AL KHOR,RAS AL KHOR,DUBAI,ZONE F
RAS AL KHOR IND. 1,RAS AL KHOR IND. 1,DUBAI,ZONE F
RAS AL KHOR IND. 2,RAS AL KHOR IND. 2,DUBAI,ZONE F
RAS AL KHOR IND. 3,RAS AL KHOR IND. 3,DUBAI,ZONE F
RAS AL SELAAB,RAS AL SELAAB,RAS AL KHAIMAH,ZONE I
RASHIDIYA,RASHIDIYA,DUBAI,ZONE G
RAWADAT AL REEF,RAWADAT AL REEF,ABU DHABI,ZONE K
REEM ISLAND,REEM ISLAND,ABUDHABI,ZONE K
REMAH,REMAH,AL AIN,ZONE J
REMRAAM,REMRAAM,DUBAI,ZONE A
RIEN AL JASHIEN,RIEN AL JASHIEN,ABUDHABI,ZONE K
RIGGAT AL BUTEEN,RIGGAT AL BUTEEN,DUBAI,ZONE E
RIQQA,RIQQA,DUBAI,ZONE E
ROLLA,ROLLA,SHARJAH,ZONE H
ROWDHAT,ROWDHAT,ABU DHABI,ZONE K
RUGHAYLAT,RUGHAYLAT,FUJAIRAH,ZONE I
RUMAILAH,RUMAILAH,FUJAIRAH,ZONE I
RUMAILAH - 3 AJMAN,RUMAILAH - 3 AJMAN,AJMAN,ZONE I
RUWAIS,RUWAIS,ABUDHABI,ZONE K
SAA,SAA,AL AIN,ZONE J
SAADIYAT ISL,SAADIYAT ISLAND,ABUDHABI,ZONE K
SAADIYAT ISLAND,SAADIYAT ISLAND,ABU DHABI,ZONE K
sadiyath island,SADIYAT ISLAND,ABU DHABI,ZONE K
SADIYAT ISLAND,SADIYAT ISLAND,ABU DHABI,ZONE K
SAFAD,SAFAD,FUJAIRAH,ZONE I
SAI,SAI,RAS AL KHAIMAH,ZONE I
SAI OUTER,SAI OUTER,RAS AL KHAIMAH,ZONE I
SAIB AL ASKH,SAIB AL ASKHAR,AL AIN,ZONE J
SAIF ZONE,SAIF ZONE,SHARJAH,ZONE H
SAIH SHUAIB 1,SAIH SHUAIB 1,DUBAI,ZONE C
SAIH SHUAIB 2,SAIH SHUAIB 2,DUBAI,ZONE C
SAIH SHUAIB 3 - DUBAI INDUSTRIAL CITY,SAIH SHUAIB 3 - DUBAI INDUSTRIAL CITY,DUBAI,ZONE C
SAIH SHUAIB 4,SAIH SHUAIB 4,DUBAI,ZONE C
SAKAMKAM 1,SAKAMKAM 1,FUJAIRAH,ZONE I
SAKAMKAM 2 - AL HILAL CITY (U/C),SAKAMKAM 2 - AL HILAL CITY (U/C),FUJAIRAH,ZONE I
SALAMAT AAN,SALAMAT AAN,ALAIN,ZONE J
SALAMEH,SALAMEH,UMM AL QUWAIN,ZONE I
SAMA AL JADAF,SAMA AL JADAF,DUBAI,ZONE C
SAMHA,SAMHA,ABUDHABI,ZONE K
SAMNAN,SAMNAN,SHARJAH,ZONE H
SANAIYA AL AIN,SANAIYA AL AIN,AL AIN,ZONE J
SAS AL NAKHE,SAS AL NAKHEEL,ABUDHABI,ZONE K
SAS AL NAKHL VILLAGE,SAS AL NAKHL VILLAGE,ABU DHABI,ZONE K
SATWA,SATWA,DUBAI,ZONE D
SCHOOL ZONE,SCHOOL ZONE,SHARJAH,ZONE H
SEIH AL GHUBB,SEIH AL GHUBB,RAS AL KHAIMAH,ZONE I
SEIH AL HARF,SEIH AL HARF,RAS AL KHAIMAH,ZONE I
SEIH AL HUDAIBAH,SEIH AL HUDAIBAH,RAS AL KHAIMAH,ZONE I
SEIH AL URABI,SEIH AL URABI,RAS AL KHAIMAH,ZONE I
"SEIH SHIHYAR,SEIH AL BURAIRAT, AL QUSAIDAT","SEIH SHIHYAR,SEIH AL BURAIRAT, AL QUSAIDAT",RAS AL KHAIMAH,ZONE I
SHA'AB AL ASHKHER,SHA'AB AL ASHKHER,AL AIN,ZONE J
"SHA'AM, WADI SHAAM, AL QIR","SHA'AM, WADI SHAAM, AL QIR",RAS AL KHAIMAH,ZONE I
SHABIA - 9,SHABIA - 9,ABU DHABI,ZONE K
SHAHAMA,SHAHAMA,ABUDHABI,ZONE K
SHAKBOUT CITY AUH,SHAKBOUT CITY AUH,ABUDHABI,ZONE K
SHAKHBOUT CITY,SHAKHBOUT CITY,ABU DHABI,ZONE K
SHAMAL HAQUEEL,SHAMAL HAQUEEL,RAS AL KHAIMAH,ZONE I
SHAMAL ZULPHAR,SHAMAL ZULPHAR,RAS AL KHAIMAH,ZONE I
SHAMKAH,SHAMKAH,ABUDHABI,ZONE K
SHAREAT AL MUWAIJI,SHAREAT AL MUWAIJI,AL AIN,ZONE J
SHARJAH AIRPORT,SHARJAH AIRPORT,SHARJAH,ZONE H
SHARJAH CORNICH AREA,SHARJAH CORNICH AREA,SHARJAH,ZONE H
"SHARJAH EQUESTRAIN AND RACING CLUB, AL ATAIN","SHARJAH EQUESTRAIN AND RACING CLUB, AL ATAIN",SHARJAH,ZONE H
SHARJAH INDUSTRIAL AREA 1,SHARJAH INDUSTRIAL AREA 1,SHARJAH,ZONE H
SHARJAH INDUSTRIAL AREA 10,SHARJAH INDUSTRIAL AREA 10,SHARJAH,ZONE H
SHARJAH INDUSTRIAL AREA 11,SHARJAH INDUSTRIAL AREA 11,SHARJAH,ZONE H
SHARJAH INDUSTRIAL AREA 12,SHARJAH INDUSTRIAL AREA 12,SHARJAH,ZONE H
"SHARJAH INDUSTRIAL AREA 13, NATIONAL PAINTS","SHARJAH INDUSTRIAL AREA 13, NATIONAL PAINTS",SHARJAH,ZONE H
SHARJAH INDUSTRIAL AREA 15,SHARJAH INDUSTRIAL AREA 15,SHARJAH,ZONE H
SHARJAH INDUSTRIAL AREA 17,SHARJAH INDUSTRIAL AREA 17,SHARJAH,ZONE H
SHARJAH INDUSTRIAL AREA 18,SHARJAH INDUSTRIAL AREA 18,SHARJAH,ZONE H
SHARJAH INDUSTRIAL AREA 2,SHARJAH INDUSTRIAL AREA 2,SHARJAH,ZONE H
SHARJAH INDUSTRIAL AREA 3,SHARJAH INDUSTRIAL AREA 3,SHARJAH,ZONE H
SHARJAH INDUSTRIAL AREA 4,SHARJAH INDUSTRIAL AREA 4,SHARJAH,ZONE H
SHARJAH INDUSTRIAL AREA 5,SHARJAH INDUSTRIAL AREA 5,SHARJAH,ZONE H
SHARJAH INDUSTRIAL AREA 6,SHARJAH INDUSTRIAL AREA 6,SHARJAH,ZONE H
SHARJAH INDUSTRIAL AREA 7,SHARJAH INDUSTRIAL AREA 7,SHARJAH,ZONE H
SHARJAH INDUSTRIAL AREA 8,SHARJAH INDUSTRIAL AREA 8,SHARJAH,ZONE H
SHARJAH INDUSTRIAL AREA 9,SHARJAH INDUSTRIAL AREA 9,SHARJAH,ZONE H
SHARJAH SPORTS CLUB,SHARJAH SPORTS CLUB,SHARJAH,ZONE H
SHARM,SHARM,FUJAIRAH,ZONE I
SHARQAN,SHARQAN,SHARJAH,ZONE H
SHARQAN AREA SHJ,SHARQAN AREA SHJ,SHARJAH,ZONE H
SHAWAMEKH,SHAWAMEKH,ABUDHABI,ZONE K
SHAWKA,SHAWKA,RAS AL KHAIMAH,ZONE I
SHEIKH KHALIFA GENERAL HOSPITAL,SHEIKH KHALIFA GENERAL HOSPITAL,UMM AL QUWAIN,ZONE I
SHEIKH KHALIFA HOSPITAL,SHEIKH KHALIFA HOSPITAL,RAS AL KHAIMAH,ZONE I
SHEIKH KHALIFA MEDICAL CITY,SHEIKH KHALIFA MEDICAL CITY,ABU DHABI,ZONE K
SHEIKH ZAYED CRICKET STADIUM,SHEIKH ZAYED CRICKET STADIUM,ABU DHABI,ZONE K
SHEIKH ZAYED GRAND MOSQUE,SHEIKH ZAYED GRAND MOSQUE,ABU DHABI,ZONE K
SHK ZAYED RD,SHK ZAYED RD,DUBAI,ZONE D
SHWEEFI ZAKHER,SHWEEFI ZAKHER,AL AIN,ZONE J
SIDROH 1,SIDROH 1,RAS AL KHAIMAH,ZONE I
SIDROH 2,SIDROH 2,RAS AL KHAIMAH,ZONE I
SILICON,SILICON OASIS,DUBAI,ZONE F
SKYLINE UNIVERSITY,SKYLINE UNIVERSITY,SHARJAH,ZONE H
SOFOUH,SOFOUH,DUBAI,ZONE C
SOUR KALBA,SOUR KALBA,FUJAIRAH,ZONE I
SOUTHERN MARINA VILLAGE,SOUTHERN MARINA VILLAGE,ABU DHABI,ZONE K
SPORTS CITY,SPORTS CITY,DUBAI,ZONE A
SPRINGS,SPRINGS,DUBAI,ZONE B
SUHAILA KALBA,SUHAILA KALBA,FUJAIRAH,ZONE I
SUHAIM,SUHAIM,RAS AL KHAIMAH,ZONE I
SUSTAINABLE CITY,SUSTAINABLE CITY,DUBAI,ZONE A
SWEIHAN,SWEIHAN,AL AIN,ZONE J
TAHWEELA,TAHWEELA,ABUDHABI,ZONE K
TAWAM,TAWAM,AL AIN,ZONE J
TAWAM HOSPITAL,TAWAM HOSPITAL,AL AIN,ZONE J
TAWI BARUQ,TAWI BARUQ,FUJAIRAH,ZONE I
TCA,TOURIST CLUB AREA,ABUDHABI,ZONE K
TECOM,TECOM,DUBAI,ZONE B
THE HILLS,THE HILLS,DUBAI,ZONE B
THE VILLA,THE VILLA,DUBAI,ZONE F
TOURIST CLUB - SALAM STREET,TOURIST CLUB - SALAM STREET,ABU DHABI,ZONE K
"TOURIST CLUB AREA, ABU DHABI MALL","TOURIST CLUB AREA, ABU DHABI MALL",ABU DHABI,ZONE K
TOWN CENTRE,TOWN CENTRE,FUJAIRAH,ZONE I
TOWN SQUARE,TOWN SQUARE,DUBAI,ZONE A
TRADE CENTRE 1,TRADE CENTRE 1,DUBAI,ZONE E
UAQ,UMM AL QUWAIN,UMM AL QUWAIN,ZONE I
UAQ CAMEL RACE TRACK,UAQ CAMEL RACE TRACK,UMM AL QUWAIN,ZONE I
UAQ NEW IND. AREA,UAQ NEW IND. AREA,UMM AL QUWAIN,ZONE I
UM AL NAR,UM AL NAR,ABUDHABI,ZONE K
UM ALTARAFFA,UM ALTARAFFA,SHARJAH,ZONE H
UM FANNAIN,UM FANNAIN,SHARJAH,ZONE H
UMM AL DAMAN,UMM AL DAMAN,ABUDHABI,ZONE K
UMM AL QUWAIN AIRPORT,UMM AL QUWAIN AIRPORT,UMM AL QUWAIN,ZONE I
UMM AL QUWAIN HOSPITAL,UMM AL QUWAIN HOSPITAL,UMM AL QUWAIN,ZONE I
UMM AL QUWAIN MARINA,UMM AL QUWAIN MARINA,UMM AL QUWAIN,ZONE I
UMM AL SHEIF,UMM AL SHEIF,DUBAI,ZONE D
Umm Dera,Umm Dera,UMM AL QUWAIN,ZONE I
UMM GHAFA AAN,UMM GHAFA AAN,ALAIN,ZONE J
UMM HURAIR,UMM HURAIR,DUBAI,ZONE E
UMM HURAIR 1,UMM HURAIR 1,DUBAI,ZONE E
UMM HURAIR 2,UMM HURAIR 2,DUBAI,ZONE E
UMM HURAIR 2 - DUBAI HEALTH CARE CITY,UMM HURAIR 2 - DUBAI HEALTH CARE CITY,DUBAI,ZONE E
UMM RAMOUL,UMM RAMOUL,DUBAI,ZONE G
UMM SUQEIM 1,UMM SUQEIM 1,DUBAI,ZONE D
UMM SUQEIM 2,UMM SUQEIM 2,DUBAI,ZONE D
UMM SUQEIM 3,UMM SUQEIM 3,DUBAI,ZONE D
UMM SUQUEIM,"UMM SUQUEIM 1, 2, 3",DUBAI,ZONE D
UMMGHAFA,UMMGHAFA,AL AIN,ZONE J
UNIVERSITY CITY,UNIVERSITY CITY,SHARJAH,ZONE H
UNIVERSITY OF SHARJAH CAMPUS,UNIVERSITY OF SHARJAH CAMPUS,FUJAIRAH,ZONE I
WADI AL AMARDI,WADI AL AMARDI,DUBAI,ZONE G
WADI AL SAFA 2,WADI AL SAFA 2,DUBAI,ZONE F
WADI AL SAFA 3,WADI AL SAFA 3,DUBAI,ZONE F
WADI AL SAFA 4,WADI AL SAFA 4,DUBAI,ZONE F
WADI AL SAFA 5,WADI AL SAFA 5,DUBAI,ZONE F
WADI AL SAFA 6,WADI AL SAFA 6,DUBAI,ZONE F
WADI AL SAFA 7,WADI AL SAFA 7,DUBAI,ZONE F
WADI AL SHABAK,WADI AL SHABAK,DUBAI,ZONE F
WADI BIH AREA,WADI BIH AREA,RAS AL KHAIMAH,ZONE I
WADI ESFANI,WADI ESFANI,RAS AL KHAIMAH,ZONE I
WADI SAFINEY,WADI SAFINEY,RAS AL KHAIMAH,ZONE I
WAHLA,WAHLA,FUJAIRAH,ZONE I
WARSAN,WARSAN,DUBAI,ZONE F
WARSAN 2,WARSAN 2,DUBAI,ZONE F
WARSAN 3,WARSAN 3,DUBAI,ZONE F
WASIT LAKE RESORT,WASIT LAKE RESORT,SHARJAH,ZONE H
WATANI RESIDENTIAL COMPOUND,WATANI RESIDENTIAL COMPOUND,ABU DHABI,ZONE K
WATER FRONT CITY & ISLANDS,WATER FRONT CITY & ISLANDS,DUBAI,ZONE C
YAS ISLAND,YAS ISLAND,ABUDHABI,ZONE K
YAS ISLAND EAST,YAS ISLAND EAST,ABU DHABI,ZONE K
YAS ISLAND WEST,YAS ISLAND WEST,ABU DHABI,ZONE K
YAS MARINA CIRCUIT,YAS MARINA CIRCUIT,ABU DHABI,ZONE K
ZAABEEL,ZAABEEL,DUBAI,ZONE E
ZAABEEL 1,ZAABEEL 1,DUBAI,ZONE E
ZAABEEL 2,ZAABEEL 2,DUBAI,ZONE E
ZAKHER,ZAKHER,AL AIN,ZONE J
ZAYED CITY,ZAYED CITY,ABU DHABI,ZONE K
ZAYED SPORTS CITY,ZAYED SPORTS CITY,ABUDHABI,ZONE K
ZUBARA BEACH,ZUBARA BEACH,FUJAIRAH,ZONE I

